date,tmax_dc,tmin_dc,prcp_tenth_mm,awnd_dms,wdf2_deg,fog,thunder
2015-01-01,150,50,0,16,280,0,0
2015-01-02,150,56,0,12,290,0,0
2015-01-03,167,72,0,13,310,0,0
2015-01-04,189,72,0,17,300,1,0
2015-01-05,244,89,0,10,290,1,0
2015-01-06,267,100,0,19,320,0,0
2015-01-07,256,100,0,8,170,0,0
2015-01-08,200,128,0,12,240,1,0
2015-01-09,183,133,0,8,60,1,0
2015-01-10,211,117,0,11,230,1,0
2015-01-11,167,139,51,6,170,1,0
2015-01-12,194,150,43,15,300,1,0
2015-01-13,194,133,0,15,320,1,0
2015-01-14,217,100,0,15,300,0,0
2015-01-15,228,100,0,15,300,0,0
2015-01-16,222,100,0,10,310,0,0
2015-01-17,211,106,0,7,180,0,0
2015-01-18,222,106,0,12,300,0,0
2015-01-19,200,100,0,11,290,1,0
2015-01-20,167,133,0,19,270,1,0
2015-01-21,194,139,0,21,300,1,0
2015-01-22,228,94,0,17,300,1,0
2015-01-23,217,106,0,14,300,0,0
2015-01-24,261,100,0,11,220,0,0
2015-01-25,250,117,0,12,330,0,0
2015-01-26,222,139,10,16,190,0,0
2015-01-27,222,128,0,14,310,0,0
2015-01-28,222,122,0,12,320,0,0
2015-01-29,211,156,0,9,190,0,0
2015-01-30,183,156,0,12,290,0,0
2015-01-31,194,139,3,14,320,0,0
2015-02-01,217,117,0,11,320,0,0
2015-02-02,228,111,0,13,300,0,0
2015-02-03,211,111,0,16,300,1,0
2015-02-04,189,117,0,16,300,1,0
2015-02-05,217,122,0,14,300,1,0
2015-02-06,233,122,0,18,290,1,0
2015-02-07,211,106,0,20,300,1,0
2015-02-08,217,150,0,29,320,1,0
2015-02-09,206,139,0,28,300,1,0
2015-02-10,211,117,0,17,300,0,0
2015-02-11,278,122,0,17,320,0,0
2015-02-12,300,128,0,21,80,0,0
2015-02-13,278,133,0,16,310,0,0
2015-02-14,289,150,0,14,310,0,0
2015-02-15,244,139,0,15,320,1,0
2015-02-16,194,139,0,13,270,1,0
2015-02-17,189,150,0,19,270,0,0
2015-02-18,194,144,0,21,280,1,0
2015-02-19,194,144,0,16,300,1,0
2015-02-20,183,161,0,22,220,0,0
2015-02-21,183,161,0,31,240,0,0
2015-02-22,183,161,36,36,230,1,0
2015-02-23,189,133,10,30,270,1,0
2015-02-24,194,106,0,19,300,0,0
2015-02-25,206,117,0,13,210,0,0
2015-02-26,183,117,0,22,200,0,0
2015-02-27,183,139,0,45,180,0,0
2015-02-28,172,139,25,36,250,0,0
2015-03-01,156,128,173,32,80,1,0
2015-03-02,161,117,64,29,220,0,1
2015-03-03,183,111,0,22,270,0,0
2015-03-04,200,106,0,15,320,0,0
2015-03-05,239,100,0,25,340,0,0
2015-03-06,250,106,0,20,320,0,0
2015-03-07,289,122,0,13,310,0,0
2015-03-08,217,133,0,14,290,0,0
2015-03-09,189,139,0,18,320,0,0
2015-03-10,222,122,0,18,320,1,0
2015-03-11,222,156,0,22,310,1,0
2015-03-12,250,156,0,22,300,0,0
2015-03-13,317,161,0,31,300,0,0
2015-03-14,322,178,0,17,300,0,0
2015-03-15,317,200,0,16,320,0,0
2015-03-16,306,189,0,13,230,0,0
2015-03-17,250,172,0,24,180,0,0
2015-03-18,200,172,0,33,180,0,0
2015-03-19,211,172,0,21,290,0,0
2015-03-20,222,161,0,22,300,0,0
2015-03-21,211,167,0,21,280,1,0
2015-03-22,206,156,0,21,290,0,0
2015-03-23,206,150,0,19,290,0,0
2015-03-24,217,144,0,21,260,0,0
2015-03-25,250,156,0,17,290,0,0
2015-03-26,289,156,0,21,310,0,0
2015-03-27,278,167,0,16,300,1,0
2015-03-28,233,161,0,23,330,1,0
2015-03-29,233,167,0,20,320,0,0
2015-03-30,222,156,0,19,280,0,0
2015-03-31,200,161,0,26,230,1,0
2015-04-01,217,167,0,30,270,0,0
2015-04-02,206,167,0,27,240,0,0
2015-04-03,300,150,0,20,300,0,0
2015-04-04,244,150,0,25,220,0,0
2015-04-05,194,167,0,39,220,0,0
2015-04-06,189,150,0,32,290,0,0
2015-04-07,194,144,0,36,270,0,0
2015-04-08,194,139,0,31,290,0,0
2015-04-09,206,133,0,16,210,0,0
2015-04-10,200,150,0,24,270,0,0
2015-04-11,206,139,0,20,210,0,0
2015-04-12,206,139,0,27,180,0,0
2015-04-13,217,167,0,23,290,0,0
2015-04-14,217,167,0,28,300,0,0
2015-04-15,233,150,0,20,280,0,0
2015-04-16,267,150,0,21,300,0,0
2015-04-17,244,144,0,29,330,0,0
2015-04-18,250,144,0,16,320,0,0
2015-04-19,211,156,0,27,290,0,0
2015-04-20,200,161,0,26,270,0,0
2015-04-21,211,161,0,24,280,0,0
2015-04-22,189,150,0,16,270,0,0
2015-04-23,194,156,0,26,200,1,0
2015-04-24,183,156,0,30,240,0,0
2015-04-25,194,150,5,47,250,0,0
2015-04-26,211,150,0,21,290,0,0
2015-04-27,267,144,0,23,320,0,0
2015-04-28,272,167,0,24,310,0,0
2015-04-29,272,161,0,26,320,0,0
2015-04-30,261,172,0,22,290,0,0
2015-05-01,261,172,0,30,310,0,0
2015-05-02,211,161,0,30,230,0,0
2015-05-03,206,172,0,31,300,0,0
2015-05-04,200,161,0,37,320,0,0
2015-05-05,200,161,0,26,270,0,0
2015-05-06,194,161,0,37,270,0,0
2015-05-07,178,133,13,41,250,0,0
2015-05-08,167,117,117,26,210,0,1
2015-05-09,194,144,0,30,300,1,0
2015-05-10,206,144,0,31,290,0,0
2015-05-11,222,156,0,22,290,0,0
2015-05-12,189,150,0,39,200,0,0
2015-05-13,183,150,0,32,220,0,0
2015-05-14,189,144,414,43,250,1,0
2015-05-15,183,133,53,31,180,0,0
2015-05-16,194,150,0,28,160,0,0
2015-05-17,200,144,0,28,250,0,0
2015-05-18,200,161,0,29,260,0,0
2015-05-19,194,156,0,29,240,0,0
2015-05-20,200,161,0,31,260,0,0
2015-05-21,194,161,3,42,250,0,0
2015-05-22,200,156,3,38,280,0,0
2015-05-23,200,161,5,32,210,0,0
2015-05-24,206,161,0,31,300,0,0
2015-05-25,183,161,0,22,270,0,0
2015-05-26,194,167,0,27,280,0,0
2015-05-27,206,161,0,31,280,0,0
2015-05-28,217,167,0,22,300,0,0
2015-05-29,211,161,0,22,270,1,0
2015-05-30,217,167,0,21,270,0,0
2015-05-31,211,139,0,26,260,0,0
2015-06-01,217,172,0,30,300,0,0
2015-06-02,222,167,0,21,270,0,0
2015-06-03,200,167,0,26,230,0,0
2015-06-04,194,161,0,33,200,0,0
2015-06-05,206,161,0,34,240,0,0
2015-06-06,217,167,0,30,280,0,0
2015-06-07,222,172,0,30,290,0,0
2015-06-08,233,178,0,30,290,1,0
2015-06-09,278,189,0,35,230,0,0
2015-06-10,211,178,0,32,270,1,0
2015-06-11,211,178,0,21,210,0,0
2015-06-12,200,172,0,23,210,0,0
2015-06-13,211,172,0,26,210,1,0
2015-06-14,211,178,0,23,280,0,0
2015-06-15,228,183,0,26,290,0,0
2015-06-16,211,167,0,27,230,1,0
2015-06-17,228,167,0,21,220,1,0
2015-06-18,239,172,0,26,280,1,0
2015-06-19,250,167,0,20,310,1,0
2015-06-20,222,178,0,26,200,0,0
2015-06-21,239,183,0,30,190,0,0
2015-06-22,250,183,0,22,210,1,0
2015-06-23,267,183,0,25,240,0,0
2015-06-24,233,194,0,25,190,0,0
2015-06-25,239,194,0,28,300,0,0
2015-06-26,250,194,0,32,290,0,0
2015-06-27,244,194,0,34,330,0,0
2015-06-28,256,206,0,32,300,0,0
2015-06-29,256,206,0,20,220,0,0
2015-06-30,261,194,10,16,10,0,1
2015-07-01,272,206,3,21,220,0,0
2015-07-02,261,189,0,26,300,1,0
2015-07-03,244,200,0,30,280,0,0
2015-07-04,233,194,0,30,290,0,0
2015-07-05,222,189,0,30,290,0,0
2015-07-06,217,189,0,29,270,0,0
2015-07-07,222,178,0,22,270,0,0
2015-07-08,222,189,0,26,230,0,0
2015-07-09,228,194,0,30,280,0,0
2015-07-10,244,189,0,28,280,0,0
2015-07-11,239,183,0,21,260,0,0
2015-07-12,244,189,0,23,270,1,0
2015-07-13,256,189,0,22,280,0,0
2015-07-14,228,189,0,29,230,0,0
2015-07-15,239,189,0,30,220,0,0
2015-07-16,244,189,0,24,280,0,0
2015-07-17,250,194,0,28,290,0,0
2015-07-18,278,178,262,20,50,1,1
2015-07-19,311,228,168,14,130,1,0
2015-07-20,250,211,0,23,160,1,0
2015-07-21,267,206,3,21,280,1,0
2015-07-22,267,222,0,28,320,0,0
2015-07-23,261,217,0,29,300,0,0
2015-07-24,267,217,0,26,290,0,0
2015-07-25,278,206,0,26,320,1,0
2015-07-26,256,200,0,23,280,0,0
2015-07-27,239,200,0,26,210,0,0
2015-07-28,250,194,0,21,280,0,0
2015-07-29,256,206,0,23,280,0,0
2015-07-30,267,217,0,24,290,0,0
2015-07-31,261,211,0,28,300,0,0
2015-08-01,250,211,0,24,280,0,0
2015-08-02,256,206,0,22,290,0,0
2015-08-03,261,206,0,24,220,0,0
2015-08-04,278,206,0,28,280,0,0
2015-08-05,289,211,0,27,320,0,0
2015-08-06,267,206,0,24,290,0,0
2015-08-07,256,206,0,27,270,0,0
2015-08-08,244,200,0,28,290,0,0
2015-08-09,239,194,0,21,270,0,0
2015-08-10,244,200,0,28,280,0,0
2015-08-11,250,167,0,23,270,0,0
2015-08-12,261,156,0,30,290,0,0
2015-08-13,289,211,0,22,280,0,0
2015-08-14,300,217,0,22,300,0,0
2015-08-15,300,222,0,28,290,0,0
2015-08-16,300,217,0,24,320,0,0
2015-08-17,261,217,0,32,190,1,0
2015-08-18,267,217,0,26,220,0,0
2015-08-19,261,211,0,25,280,0,0
2015-08-20,239,211,0,24,210,0,0
2015-08-21,261,211,0,26,250,0,0
2015-08-22,250,211,0,24,260,0,0
2015-08-23,261,211,0,20,280,0,0
2015-08-24,261,211,0,20,280,0,0
2015-08-25,261,217,3,22,180,1,0
2015-08-26,300,222,0,17,290,1,0
2015-08-27,317,228,0,15,280,1,0
2015-08-28,322,233,0,16,210,0,0
2015-08-29,306,233,0,20,300,0,0
2015-08-30,272,211,0,21,270,0,0
2015-08-31,244,206,0,33,200,0,0
2015-09-01,250,211,0,29,220,0,0
2015-09-02,244,206,0,23,250,0,0
2015-09-03,250,206,0,22,260,0,0
2015-09-04,250,206,0,21,270,0,0
2015-09-05,256,200,0,23,280,0,0
2015-09-06,278,194,0,25,300,0,0
2015-09-07,300,222,0,25,300,0,0
2015-09-08,317,233,0,23,310,0,0
2015-09-09,350,250,0,21,200,0,0
2015-09-10,356,250,0,14,310,0,0
2015-09-11,306,256,0,19,210,0,0
2015-09-12,317,244,0,18,300,0,0
2015-09-13,294,239,0,21,260,0,0
2015-09-14,283,233,0,29,220,0,0
2015-09-15,261,206,307,39,180,1,0
2015-09-16,256,200,8,23,260,1,0
2015-09-17,256,206,0,23,290,0,0
2015-09-18,261,200,0,20,290,0,0
2015-09-19,272,211,0,18,220,0,0
2015-09-20,333,228,0,21,310,0,0
2015-09-21,267,239,0,24,180,0,0
2015-09-22,272,217,0,21,280,0,0
2015-09-23,272,211,0,27,300,0,0
2015-09-24,289,217,0,13,310,1,0
2015-09-25,294,228,0,21,290,0,0
2015-09-26,294,217,0,14,210,1,0
2015-09-27,283,222,0,16,300,1,0
2015-09-28,283,211,0,26,300,1,0
2015-09-29,267,206,0,22,290,0,0
2015-09-30,283,194,0,19,280,1,0
2015-10-01,267,211,0,21,260,0,0
2015-10-02,261,206,0,21,280,0,0
2015-10-03,244,200,0,28,170,0,0
2015-10-04,228,194,36,34,180,0,0
2015-10-05,217,172,69,22,170,1,0
2015-10-06,244,178,0,22,300,0,0
2015-10-07,256,194,0,19,300,0,0
2015-10-08,278,194,0,17,310,1,0
2015-10-09,372,206,0,14,300,0,0
2015-10-10,356,244,0,19,320,0,0
2015-10-11,344,228,0,12,180,0,0
2015-10-12,344,239,0,16,270,0,0
2015-10-13,300,244,0,18,280,0,0
2015-10-14,278,233,0,25,310,0,0
2015-10-15,261,222,0,31,290,0,0
2015-10-16,233,211,0,29,290,1,0
2015-10-17,250,211,0,34,330,1,0
2015-10-18,244,217,5,28,240,1,0
2015-10-19,228,194,0,30,200,0,0
2015-10-20,244,189,0,20,300,0,0
2015-10-21,250,189,0,15,230,0,0
2015-10-22,250,189,0,19,250,0,0
2015-10-23,256,183,0,23,320,0,0
2015-10-24,294,183,0,17,340,0,0
2015-10-25,256,194,0,9,170,0,0
2015-10-26,267,178,0,17,300,1,0
2015-10-27,283,172,0,15,320,0,0
2015-10-28,256,189,0,22,270,0,0
2015-10-29,256,200,0,21,300,0,0
2015-10-30,278,167,0,14,320,0,0
2015-10-31,294,167,0,9,300,0,0
2015-11-01,289,161,0,10,290,1,0
2015-11-02,228,172,0,29,290,1,0
2015-11-03,211,128,277,43,260,1,1
2015-11-04,211,133,8,41,260,0,0
2015-11-05,217,128,0,19,320,0,0
2015-11-06,228,122,0,16,330,0,0
2015-11-07,250,122,0,15,320,0,0
2015-11-08,233,122,0,10,270,0,0
2015-11-09,206,150,8,24,270,1,0
2015-11-10,194,144,13,35,290,0,0
2015-11-11,239,111,0,22,300,0,0
2015-11-12,222,106,0,15,340,0,0
2015-11-13,244,106,0,15,340,0,0
2015-11-14,244,106,0,7,210,0,0
2015-11-15,211,156,20,49,280,1,0
2015-11-16,172,122,0,60,290,0,0
2015-11-17,206,94,0,13,310,0,0
2015-11-18,233,111,0,11,300,0,0
2015-11-19,267,117,0,14,340,0,0
2015-11-20,250,128,0,7,180,1,0
2015-11-21,289,128,0,12,310,1,0
2015-11-22,289,144,0,10,320,0,0
2015-11-23,250,133,0,10,210,1,0
2015-11-24,200,128,0,22,270,1,0
2015-11-25,178,150,18,44,300,1,0
2015-11-26,183,128,3,22,260,0,0
2015-11-27,167,117,46,27,230,0,0
2015-11-28,183,111,0,13,300,0,0
2015-11-29,189,106,0,19,280,0,0
2015-11-30,194,83,0,13,320,0,0
2015-12-01,194,89,0,13,310,0,0
2015-12-02,250,94,0,12,300,0,0
2015-12-03,250,111,0,10,300,0,0
2015-12-04,200,111,0,8,260,0,0
2015-12-05,233,100,0,11,300,0,0
2015-12-06,244,111,0,15,340,0,0
2015-12-07,250,111,0,11,290,0,0
2015-12-08,244,117,0,6,340,1,0
2015-12-09,222,122,0,7,190,1,0
2015-12-10,194,139,0,16,180,1,0
2015-12-11,194,128,48,51,270,1,1
2015-12-12,183,89,0,12,280,0,0
2015-12-13,189,100,41,33,280,1,0
2015-12-14,161,100,0,44,280,0,0
2015-12-15,161,78,0,16,330,0,0
2015-12-16,167,67,0,17,320,0,0
2015-12-17,183,72,0,12,300,0,0
2015-12-18,206,83,0,12,290,0,0
2015-12-19,178,94,28,25,280,1,0
2015-12-20,172,117,0,26,290,0,0
2015-12-21,183,94,8,13,290,1,0
2015-12-22,178,133,43,55,260,1,0
2015-12-23,178,144,3,38,270,0,0
2015-12-24,183,133,3,27,280,0,0
2015-12-25,156,100,3,42,330,0,0
2015-12-26,178,78,0,36,10,0,0
2015-12-27,161,50,0,13,310,0,0
2015-12-28,150,78,48,13,300,1,0
2015-12-29,150,72,0,10,240,0,0
2015-12-30,172,61,0,9,290,1,0
2015-12-31,183,72,0,9,300,0,0
2016-01-01,183,67,0,5,300,0,0
2016-01-02,178,72,0,9,240,0,0
2016-01-03,172,89,0,19,180,0,0
2016-01-04,178,133,36,21,160,1,0
2016-01-05,161,144,419,48,170,1,0
2016-01-06,167,122,155,36,190,1,1
2016-01-07,161,117,142,52,230,0,0
2016-01-08,167,100,5,13,270,0,0
2016-01-09,161,89,0,13,260,0,0
2016-01-10,161,122,0,16,130,0,0
2016-01-11,178,100,0,14,340,0,0
2016-01-12,206,72,0,13,330,0,0
2016-01-13,172,78,0,14,300,0,0
2016-01-14,178,100,0,11,280,0,0
2016-01-15,161,117,10,16,210,1,0
2016-01-16,189,111,0,12,310,1,0
2016-01-17,211,111,0,18,320,1,0
2016-01-18,200,139,3,24,310,1,0
2016-01-19,178,117,0,18,290,1,0
2016-01-20,194,144,0,23,300,1,0
2016-01-21,211,117,0,18,160,1,0
2016-01-22,211,111,0,19,340,1,0
2016-01-23,189,117,0,21,290,1,0
2016-01-24,183,117,0,16,270,0,0
2016-01-25,189,100,0,17,310,0,0
2016-01-26,222,94,0,17,310,0,0
2016-01-27,217,100,0,13,310,0,0
2016-01-28,222,117,0,15,310,0,0
2016-01-29,211,106,0,11,270,1,0
2016-01-30,189,122,10,18,260,1,0
2016-01-31,161,128,36,84,260,1,1
2016-02-01,156,94,0,66,290,0,0
2016-02-02,156,67,0,15,270,0,0
2016-02-03,172,78,0,16,300,0,0
2016-02-04,200,83,0,17,310,0,0
2016-02-05,228,89,0,11,310,0,0
2016-02-06,244,100,0,16,340,0,0
2016-02-07,267,100,0,16,320,0,0
2016-02-08,289,117,0,14,310,0,0
2016-02-09,283,139,0,15,320,0,0
2016-02-10,300,139,0,7,300,0,0
2016-02-11,289,133,0,10,290,0,0
2016-02-12,267,128,0,11,280,1,0
2016-02-13,228,111,0,14,320,1,0
2016-02-14,233,106,0,18,290,1,0
2016-02-15,289,144,0,11,320,1,0
2016-02-16,317,150,0,14,290,0,0
2016-02-17,228,144,0,23,200,0,0
2016-02-18,200,144,13,21,130,0,0
2016-02-19,194,128,0,18,300,0,0
2016-02-20,211,111,0,17,290,0,0
2016-02-21,206,133,0,20,300,1,0
2016-02-22,228,111,0,16,310,1,0
2016-02-23,244,122,0,10,320,0,0
2016-02-24,256,133,0,19,310,0,0
2016-02-25,272,128,0,13,310,0,0
2016-02-26,228,122,0,14,300,0,0
2016-02-27,228,128,0,16,300,1,0
2016-02-28,206,144,0,15,310,1,0
2016-02-29,211,122,0,19,290,1,0
2016-03-01,222,144,0,17,310,1,0
2016-03-02,206,128,0,17,300,1,0
2016-03-03,200,133,0,23,280,1,0
2016-03-04,194,150,0,21,250,0,0
2016-03-05,217,156,5,26,280,1,0
2016-03-06,194,144,25,46,300,1,0
2016-03-07,167,106,114,43,310,0,1
2016-03-08,189,89,0,20,320,0,0
2016-03-09,217,117,0,16,300,0,0
2016-03-10,217,133,0,14,280,0,0
2016-03-11,194,133,38,33,300,1,0
2016-03-12,178,139,0,35,300,0,0
2016-03-13,194,133,0,26,280,0,0
2016-03-14,206,156,0,23,290,0,0
2016-03-15,217,133,0,18,290,0,0
2016-03-16,233,144,0,16,290,1,0
2016-03-17,222,156,0,17,220,1,0
2016-03-18,211,156,0,26,300,1,0
2016-03-19,200,150,0,22,290,0,0
2016-03-20,206,150,0,22,300,0,0
2016-03-21,200,156,0,32,300,0,0
2016-03-22,194,150,0,36,290,0,0
2016-03-23,228,122,0,25,290,0,0
2016-03-24,244,128,0,19,310,0,0
2016-03-25,239,133,0,20,240,0,0
2016-03-26,200,156,0,27,160,0,0
2016-03-27,194,144,0,23,180,0,0
2016-03-28,178,144,0,55,260,0,0
2016-03-29,183,133,0,52,270,0,0
2016-03-30,178,117,10,30,270,0,0
2016-03-31,200,111,0,22,270,0,0
2016-04-01,194,139,0,22,210,0,0
2016-04-02,217,139,0,20,300,0,0
2016-04-03,206,133,0,27,300,1,0
2016-04-04,217,133,0,18,290,1,0
2016-04-05,233,133,0,18,320,1,0
2016-04-06,244,144,0,21,200,1,0
2016-04-07,189,161,79,17,30,1,0
2016-04-08,194,150,15,21,230,1,0
2016-04-09,200,150,3,31,190,0,0
2016-04-10,200,150,43,34,190,1,0
2016-04-11,217,150,0,25,320,0,0
2016-04-12,211,156,0,20,300,0,0
2016-04-13,211,161,0,26,290,0,0
2016-04-14,211,156,0,30,280,0,0
2016-04-15,217,144,0,27,290,0,0
2016-04-16,272,139,0,26,310,0,0
2016-04-17,300,150,0,21,320,0,0
2016-04-18,306,167,0,22,320,0,0
2016-04-19,294,172,0,19,310,0,0
2016-04-20,283,156,0,23,310,0,0
2016-04-21,244,156,0,28,300,0,0
2016-04-22,222,172,0,33,300,0,0
2016-04-23,217,167,0,29,320,0,0
2016-04-24,200,156,0,35,200,0,0
2016-04-25,183,150,0,51,270,0,0
2016-04-26,206,133,0,30,220,0,0
2016-04-27,194,144,0,45,270,0,0
2016-04-28,183,144,0,39,260,0,0
2016-04-29,200,150,0,34,240,0,0
2016-04-30,194,139,0,37,190,0,0
2016-05-01,200,150,0,26,220,0,0
2016-05-02,211,144,0,32,290,0,0
2016-05-03,211,150,0,25,270,0,0
2016-05-04,194,161,0,24,210,0,0
2016-05-05,194,156,23,27,220,0,0
2016-05-06,217,150,86,27,240,0,0
2016-05-07,206,150,0,26,250,0,0
2016-05-08,217,156,0,26,290,0,0
2016-05-09,217,167,0,30,280,0,0
2016-05-10,217,172,0,28,280,0,0
2016-05-11,217,172,0,36,290,0,0
2016-05-12,211,167,0,26,280,0,0
2016-05-13,211,167,0,24,290,0,0
2016-05-14,178,167,0,25,170,0,0
2016-05-15,200,167,0,43,260,0,0
2016-05-16,200,161,0,34,230,0,0
2016-05-17,189,172,0,26,270,0,0
2016-05-18,222,167,0,28,300,0,0
2016-05-19,206,167,0,28,220,0,0
2016-05-20,189,167,0,41,240,0,0
2016-05-21,194,156,0,38,280,0,0
2016-05-22,211,156,0,27,250,0,0
2016-05-23,194,156,0,34,220,0,0
2016-05-24,200,172,0,38,260,0,0
2016-05-25,217,161,0,33,280,0,0
2016-05-26,206,167,0,29,280,0,0
2016-05-27,211,172,0,28,230,0,0
2016-05-28,189,167,0,26,260,0,0
2016-05-29,200,156,0,24,290,1,0
2016-05-30,217,167,3,26,300,1,0
2016-05-31,194,167,0,21,240,0,0
2016-06-01,200,161,0,20,220,1,0
2016-06-02,233,167,0,28,300,1,0
2016-06-03,239,167,0,22,190,1,0
2016-06-04,233,167,0,25,270,1,0
2016-06-05,222,172,0,29,280,1,0
2016-06-06,222,178,0,30,280,0,0
2016-06-07,211,172,0,20,240,0,0
2016-06-08,206,178,0,25,230,0,0
2016-06-09,206,167,0,30,180,0,0
2016-06-10,211,167,0,36,190,0,0
2016-06-11,200,178,0,43,190,0,0
2016-06-12,206,172,0,30,240,0,0
2016-06-13,222,178,0,32,290,0,0
2016-06-14,200,178,0,29,220,0,0
2016-06-15,211,172,0,31,200,0,0
2016-06-16,239,167,0,26,290,0,0
2016-06-17,272,178,0,29,290,0,0
2016-06-18,267,183,0,27,280,0,0
2016-06-19,311,206,0,30,290,0,0
2016-06-20,300,217,0,31,190,0,0
2016-06-21,239,189,0,25,180,1,0
2016-06-22,250,200,0,23,220,0,0
2016-06-23,233,178,0,28,210,0,0
2016-06-24,206,178,0,26,190,0,0
2016-06-25,211,178,0,22,190,0,0
2016-06-26,222,178,0,19,210,0,0
2016-06-27,250,189,0,21,190,1,0
2016-06-28,244,189,0,25,320,1,0
2016-06-29,250,178,0,27,290,1,0
2016-06-30,211,178,0,31,180,1,0
2016-07-01,200,172,0,33,240,0,0
2016-07-02,217,178,0,26,210,0,0
2016-07-03,217,178,0,27,260,0,0
2016-07-04,228,178,0,32,300,0,0
2016-07-05,233,189,0,34,280,0,0
2016-07-06,233,189,0,26,280,0,0
2016-07-07,233,183,0,25,280,0,0
2016-07-08,244,200,0,24,260,0,0
2016-07-09,256,200,0,25,300,0,0
2016-07-10,250,189,0,27,280,0,0
2016-07-11,206,178,0,41,190,0,0
2016-07-12,233,178,0,29,250,0,0
2016-07-13,250,183,0,21,280,0,0
2016-07-14,250,189,0,28,300,0,0
2016-07-15,239,189,0,33,290,0,0
2016-07-16,233,183,0,26,250,0,0
2016-07-17,228,183,0,27,260,0,0
2016-07-18,233,183,0,22,280,0,0
2016-07-19,256,189,0,28,280,0,0
2016-07-20,272,189,0,30,290,0,0
2016-07-21,289,206,0,30,300,0,0
2016-07-22,294,194,0,30,310,1,0
2016-07-23,228,189,0,35,200,1,0
2016-07-24,244,178,0,30,180,1,0
2016-07-25,239,194,0,24,320,1,0
2016-07-26,256,194,0,29,330,0,0
2016-07-27,267,200,0,26,320,0,0
2016-07-28,272,200,0,27,290,0,0
2016-07-29,244,200,0,27,220,0,0
2016-07-30,256,194,0,29,190,0,0
2016-07-31,244,200,0,27,230,0,0
2016-08-01,267,206,0,26,210,0,0
2016-08-02,261,211,0,30,280,0,0
2016-08-03,261,206,0,28,220,0,0
2016-08-04,256,206,0,29,260,0,0
2016-08-05,250,217,0,28,270,0,0
2016-08-06,250,206,0,36,290,0,0
2016-08-07,244,200,0,26,230,0,0
2016-08-08,217,194,0,29,230,0,0
2016-08-09,239,194,0,26,220,0,0
2016-08-10,256,200,0,26,260,0,0
2016-08-11,250,211,0,31,280,0,0
2016-08-12,267,211,0,37,300,0,0
2016-08-13,267,211,0,35,290,0,0
2016-08-14,278,211,0,31,280,0,0
2016-08-15,289,217,0,37,290,0,0
2016-08-16,272,200,0,37,290,1,0
2016-08-17,267,194,0,35,310,1,0
2016-08-18,256,194,0,27,290,0,0
2016-08-19,261,194,0,33,290,0,0
2016-08-20,250,194,0,36,290,0,0
2016-08-21,256,194,0,34,280,0,0
2016-08-22,250,189,0,28,290,0,0
2016-08-23,244,167,0,21,320,1,0
2016-08-24,250,194,0,26,300,0,0
2016-08-25,233,189,0,23,300,0,0
2016-08-26,228,189,0,28,220,0,0
2016-08-27,239,194,0,30,290,0,0
2016-08-28,250,206,0,33,290,0,0
2016-08-29,256,200,0,26,290,0,0
2016-08-30,250,194,0,26,180,1,0
2016-08-31,261,189,0,25,280,1,0
2016-09-01,222,178,0,26,220,1,0
2016-09-02,228,172,0,27,220,0,0
2016-09-03,211,178,0,34,220,0,0
2016-09-04,233,183,0,33,220,0,0
2016-09-05,222,183,0,30,210,0,0
2016-09-06,244,178,0,29,270,0,0
2016-09-07,228,194,0,27,220,0,0
2016-09-08,244,200,0,28,290,0,0
2016-09-09,250,200,0,42,290,0,0
2016-09-10,239,194,0,35,290,0,0
2016-09-11,239,189,0,35,290,0,0
2016-09-12,211,183,0,30,240,0,0
2016-09-13,228,178,0,32,280,0,0
2016-09-14,233,167,0,34,300,0,0
2016-09-15,239,161,0,24,290,0,0
2016-09-16,233,161,0,21,300,0,0
2016-09-17,239,178,0,23,300,0,0
2016-09-18,244,161,0,19,320,1,0
2016-09-19,267,183,3,22,250,1,1
2016-09-20,256,217,38,15,330,1,0
2016-09-21,267,200,41,30,310,1,0
2016-09-22,228,183,0,38,250,0,0
2016-09-23,239,167,0,32,300,0,0
2016-09-24,300,172,0,18,320,0,0
2016-09-25,322,200,0,26,350,0,0
2016-09-26,383,211,0,31,90,0,0
2016-09-27,333,233,0,22,220,0,0
2016-09-28,317,228,0,22,320,0,0
2016-09-29,300,217,0,19,320,0,0
2016-09-30,278,217,0,25,290,0,0
2016-10-01,278,194,0,18,290,1,0
2016-10-02,228,194,0,25,220,0,0
2016-10-03,239,172,0,30,290,0,0
2016-10-04,228,172,0,30,250,0,0
2016-10-05,228,183,0,27,240,0,0
2016-10-06,239,161,0,21,290,0,0
2016-10-07,306,167,0,24,320,1,0
2016-10-08,300,167,0,20,300,0,0
2016-10-09,300,178,0,19,290,0,0
2016-10-10,261,178,0,27,300,0,0
2016-10-11,228,189,0,31,300,0,0
2016-10-12,228,167,0,24,300,0,0
2016-10-13,228,167,0,29,300,0,0
2016-10-14,228,183,0,30,290,0,0
2016-10-15,233,183,0,33,300,0,0
2016-10-16,239,189,0,36,310,1,0
2016-10-17,239,183,0,21,280,1,0
2016-10-18,233,172,0,21,320,0,0
2016-10-19,267,161,0,19,290,1,0
2016-10-20,328,167,0,15,330,1,0
2016-10-21,311,178,0,12,270,0,0
2016-10-22,278,172,0,13,320,0,0
2016-10-23,278,172,0,16,310,0,0
2016-10-24,239,178,10,22,310,0,1
2016-10-25,222,167,0,25,310,0,0
2016-10-26,239,167,0,25,300,0,0
2016-10-27,244,167,0,18,310,1,0
2016-10-28,256,189,0,23,310,0,0
2016-10-29,267,183,0,22,300,0,0
2016-10-30,228,178,8,18,310,1,0
2016-10-31,217,172,0,20,300,0,0
2016-11-01,217,156,0,25,270,0,0
2016-11-02,222,144,0,22,320,0,0
2016-11-03,261,144,0,11,300,0,0
2016-11-04,233,161,0,14,180,1,0
2016-11-05,250,139,0,17,290,1,0
2016-11-06,239,139,0,19,300,1,0
2016-11-07,228,139,0,19,320,1,0
2016-11-08,283,150,0,16,310,0,0
2016-11-09,356,172,0,29,80,0,0
2016-11-10,322,172,0,17,320,0,0
2016-11-11,311,167,0,13,240,0,0
2016-11-12,278,161,0,16,300,0,0
2016-11-13,289,178,0,20,320,0,0
2016-11-14,289,161,0,16,330,0,0
2016-11-15,239,150,0,20,290,1,0
2016-11-16,211,167,0,25,260,0,0
2016-11-17,217,150,0,23,320,0,0
2016-11-18,244,117,0,11,300,0,0
2016-11-19,222,111,0,16,300,0,0
2016-11-20,194,150,28,21,120,1,0
2016-11-21,189,156,30,38,120,1,0
2016-11-22,206,133,0,20,300,0,0
2016-11-23,200,122,0,22,330,0,0
2016-11-24,256,106,0,13,310,0,0
2016-11-25,222,89,0,11,180,0,0
2016-11-26,172,94,28,29,260,1,0
2016-11-27,183,128,43,40,270,1,0
2016-11-28,178,122,25,24,250,1,0
2016-11-29,206,100,0,13,320,1,0
2016-11-30,200,83,0,15,300,0,0
2016-12-01,167,106,0,16,250,0,0
2016-12-02,200,106,0,25,40,0,0
2016-12-03,194,72,0,19,300,0,0
2016-12-04,211,78,0,15,310,1,0
2016-12-05,167,100,0,30,150,0,0
2016-12-06,167,144,0,31,220,0,0
2016-12-07,178,128,0,21,250,0,0
2016-12-08,189,100,0,18,320,0,0
2016-12-09,189,106,0,24,340,0,0
2016-12-10,200,139,0,23,300,1,0
2016-12-11,194,144,0,17,300,1,0
2016-12-12,194,144,0,17,300,0,0
2016-12-13,194,117,0,18,320,1,0
2016-12-14,217,106,0,18,320,1,0
2016-12-15,200,122,30,17,200,1,0
2016-12-16,167,128,305,63,280,1,0
2016-12-17,156,89,0,26,300,0,0
2016-12-18,167,56,0,14,360,0,0
2016-12-19,211,50,0,13,320,0,0
2016-12-20,250,89,0,16,340,0,0
2016-12-21,233,150,137,23,170,1,0
2016-12-22,167,150,142,43,170,1,1
2016-12-23,172,144,3,47,190,0,0
2016-12-24,156,117,152,69,180,1,0
2016-12-25,144,83,0,22,300,0,0
2016-12-26,178,78,0,14,300,0,0
2016-12-27,206,78,0,14,340,0,0
2016-12-28,233,89,0,9,330,0,0
2016-12-29,283,106,0,13,300,0,0
2016-12-30,167,133,130,16,280,1,0
2016-12-31,156,111,173,29,290,1,0
2017-01-01,150,94,0,24,200,0,0
2017-01-02,156,122,0,12,300,0,0
2017-01-03,167,111,0,11,320,0,0
2017-01-04,183,94,0,13,330,0,0
2017-01-05,189,133,41,21,170,1,0
2017-01-06,178,117,0,11,320,0,0
2017-01-07,217,111,0,10,310,0,0
2017-01-08,233,122,0,10,130,0,0
2017-01-09,172,144,46,18,210,0,0
2017-01-10,183,128,0,16,290,1,0
2017-01-11,161,133,13,26,170,1,0
2017-01-12,161,122,81,22,210,1,0
2017-01-13,156,117,89,21,290,1,0
2017-01-14,178,117,0,20,360,0,0
2017-01-15,167,122,0,30,170,0,0
2017-01-16,178,117,0,19,310,0,0
2017-01-17,189,100,0,17,300,0,0
2017-01-18,167,100,0,22,130,0,0
2017-01-19,183,133,48,38,230,1,0
2017-01-20,161,122,282,60,170,1,0
2017-01-21,161,117,8,43,290,0,0
2017-01-22,167,117,89,65,190,1,0
2017-01-23,156,106,56,47,250,0,1
2017-01-24,139,94,13,22,240,0,0
2017-01-25,156,72,0,20,300,0,0
2017-01-26,167,67,0,17,300,0,0
2017-01-27,189,67,0,30,50,0,0
2017-01-28,206,67,0,17,300,0,0
2017-01-29,244,72,0,17,330,0,0
2017-01-30,250,94,0,14,300,0,0
2017-01-31,217,100,0,12,180,1,0
2017-02-01,183,83,0,13,330,1,0
2017-02-02,211,100,0,16,320,1,0
2017-02-03,206,111,0,19,330,0,0
2017-02-04,189,133,0,30,320,1,0
2017-02-05,167,128,0,22,260,0,0
2017-02-06,156,139,5,44,180,1,0
2017-02-07,194,150,28,34,290,1,0
2017-02-08,206,144,0,26,290,1,0
2017-02-09,217,139,0,24,300,1,0
2017-02-10,200,144,0,26,320,1,0
2017-02-11,167,139,3,27,290,1,0
2017-02-12,194,111,0,25,320,0,0
2017-02-13,211,117,0,17,220,0,0
2017-02-14,183,139,0,22,230,0,0
2017-02-15,211,117,0,20,320,1,0
2017-02-16,206,117,0,21,300,0,0
2017-02-17,178,117,272,79,170,1,0
2017-02-18,161,122,20,35,290,0,0
2017-02-19,167,128,5,26,250,0,0
2017-02-20,206,133,0,21,330,0,0
2017-02-21,233,133,0,22,300,0,0
2017-02-22,178,133,0,32,300,1,0
2017-02-23,161,111,0,33,300,0,0
2017-02-24,167,83,0,20,300,0,0
2017-02-25,167,83,0,24,290,0,0
2017-02-26,144,111,15,35,170,0,0
2017-02-27,150,122,594,68,190,1,0
2017-02-28,161,117,0,30,190,0,0
2017-03-01,211,89,0,18,300,0,0
2017-03-02,239,100,0,20,320,0,0
2017-03-03,250,100,0,16,290,0,0
2017-03-04,172,117,0,24,240,0,0
2017-03-05,178,128,3,34,280,0,0
2017-03-06,167,111,0,31,290,0,0
2017-03-07,194,89,0,21,310,0,0
2017-03-08,239,117,0,18,310,0,0
2017-03-09,261,128,0,13,180,0,0
2017-03-10,256,133,0,17,300,0,0
2017-03-11,206,139,0,16,320,1,0
2017-03-12,200,133,0,16,280,1,0
2017-03-13,206,128,0,19,320,1,0
2017-03-14,267,122,0,22,320,1,0
2017-03-15,239,161,0,22,290,1,0
2017-03-16,217,150,0,21,320,1,0
2017-03-17,200,133,0,22,290,1,0
2017-03-18,206,128,0,24,290,1,0
2017-03-19,200,139,0,23,220,1,0
2017-03-20,200,156,0,23,270,0,0
2017-03-21,222,139,0,27,220,1,0
2017-03-22,194,150,18,41,270,1,0
2017-03-23,189,139,0,40,280,0,0
2017-03-24,200,117,0,21,290,0,0
2017-03-25,206,133,0,28,300,0,0
2017-03-26,194,150,0,22,260,0,0
2017-03-27,206,150,0,26,270,0,0
2017-03-28,217,133,0,19,280,0,0
2017-03-29,256,128,0,21,320,0,0
2017-03-30,183,139,0,35,170,1,0
2017-03-31,189,144,0,36,340,0,0
2017-04-01,211,122,0,22,290,0,0
2017-04-02,239,133,0,23,230,0,0
2017-04-03,178,139,0,30,220,0,0
2017-04-04,206,150,0,26,300,0,0
2017-04-05,239,139,0,22,320,1,0
2017-04-06,228,150,0,20,290,1,0
2017-04-07,217,144,0,23,280,0,0
2017-04-08,211,150,0,33,290,0,0
2017-04-09,200,128,0,29,300,0,0
2017-04-10,217,122,0,21,280,0,0
2017-04-11,217,128,0,20,290,0,0
2017-04-12,217,133,0,30,300,0,0
2017-04-13,233,133,0,41,270,0,0
2017-04-14,194,144,0,31,290,0,0
2017-04-15,222,133,0,24,270,0,0
2017-04-16,233,139,0,28,300,0,0
2017-04-17,233,144,3,34,300,1,0
2017-04-18,217,167,0,34,330,1,0
2017-04-19,222,161,0,35,290,0,0
2017-04-20,217,144,0,28,300,1,0
2017-04-21,256,150,0,20,320,0,0
2017-04-22,278,150,0,18,190,1,0
2017-04-23,206,167,0,32,220,0,0
2017-04-24,200,161,0,44,200,0,0
2017-04-25,206,167,0,38,180,0,0
2017-04-26,217,150,0,26,210,0,0
2017-04-27,206,161,0,29,280,1,0
2017-04-28,239,161,0,35,300,1,0
2017-04-29,272,150,0,28,320,0,0
2017-04-30,278,156,0,22,330,0,0
2017-05-01,250,156,0,19,210,0,0
2017-05-02,222,161,0,27,180,1,0
2017-05-03,239,161,0,28,310,0,0
2017-05-04,228,178,0,26,250,0,0
2017-05-05,189,167,0,31,200,0,0
2017-05-06,178,122,25,60,270,1,0
2017-05-07,150,117,201,40,240,1,0
2017-05-08,194,117,0,38,300,0,0
2017-05-09,183,150,0,38,180,1,0
2017-05-10,211,150,3,29,220,1,0
2017-05-11,211,161,0,38,290,0,0
2017-05-12,206,161,0,26,320,0,0
2017-05-13,211,161,0,32,290,0,0
2017-05-14,183,156,0,49,240,0,0
2017-05-15,183,144,5,54,260,0,0
2017-05-16,183,150,0,41,240,0,0
2017-05-17,194,150,0,38,270,0,0
2017-05-18,211,161,0,27,270,0,0
2017-05-19,261,150,0,32,320,0,0
2017-05-20,294,178,0,28,310,0,0
2017-05-21,256,172,0,21,280,0,0
2017-05-22,222,161,0,31,290,0,0
2017-05-23,228,167,0,34,300,1,0
2017-05-24,217,161,0,33,260,1,0
2017-05-25,200,161,0,29,220,0,0
2017-05-26,222,172,0,31,260,0,0
2017-05-27,211,161,0,38,290,0,0
2017-05-28,211,144,0,30,280,0,0
2017-05-29,194,161,0,25,210,0,0
2017-05-30,189,150,0,31,200,1,0
2017-05-31,183,156,0,32,240,0,0
2017-06-01,217,161,0,30,300,0,0
2017-06-02,228,178,0,26,280,1,0
2017-06-03,194,172,0,22,180,1,0
2017-06-04,194,161,0,23,220,1,0
2017-06-05,194,161,0,31,200,1,0
2017-06-06,189,167,0,30,210,1,0
2017-06-07,189,167,0,29,230,0,0
2017-06-08,222,167,0,36,300,0,0
2017-06-09,228,172,0,32,280,0,0
2017-06-10,189,144,0,37,210,1,0
2017-06-11,194,150,5,43,200,1,0
2017-06-12,217,150,0,36,300,0,0
2017-06-13,244,150,0,24,290,0,0
2017-06-14,244,161,0,22,250,0,0
2017-06-15,261,167,0,26,330,1,0
2017-06-16,283,167,0,28,330,1,0
2017-06-17,261,183,0,22,300,0,0
2017-06-18,239,167,0,23,280,0,0
2017-06-19,261,167,0,31,310,1,0
2017-06-20,244,183,0,39,290,1,0
2017-06-21,233,172,0,30,280,1,0
2017-06-22,217,167,0,30,180,1,0
2017-06-23,233,183,0,32,270,1,0
2017-06-24,239,167,0,41,300,1,0
2017-06-25,250,183,0,32,300,0,0
2017-06-26,283,183,0,24,180,1,0
2017-06-27,267,178,0,28,310,1,0
2017-06-28,217,167,0,27,190,0,0
2017-06-29,206,167,0,33,180,0,0
2017-06-30,228,178,0,30,210,0,0
2017-07-01,206,178,0,30,180,1,0
2017-07-02,222,178,0,28,210,0,0
2017-07-03,256,178,0,26,280,0,0
2017-07-04,250,189,0,33,300,1,0
2017-07-05,256,194,0,26,210,0,0
2017-07-06,261,189,0,29,300,0,0
2017-07-07,261,206,0,23,180,0,0
2017-07-08,250,200,0,31,180,1,0
2017-07-09,256,206,0,19,220,1,0
2017-07-10,267,211,0,24,230,1,0
2017-07-11,261,206,0,27,330,0,0
2017-07-12,267,211,0,30,280,0,0
2017-07-13,261,211,0,30,290,0,0
2017-07-14,256,211,0,35,300,0,0
2017-07-15,239,206,0,26,240,0,0
2017-07-16,239,200,0,34,200,0,0
2017-07-17,244,211,0,26,190,0,0
2017-07-18,272,211,0,26,270,0,0
2017-07-19,278,217,0,26,280,0,0
2017-07-20,250,206,0,26,210,0,0
2017-07-21,256,206,0,25,280,0,0
2017-07-22,239,206,0,25,210,0,0
2017-07-23,256,206,0,26,210,0,0
2017-07-24,250,211,0,23,260,0,1
2017-07-25,244,211,0,27,250,0,0
2017-07-26,256,217,0,34,300,0,0
2017-07-27,261,211,0,33,290,0,0
2017-07-28,250,200,0,26,220,0,0
2017-07-29,244,200,0,26,230,0,0
2017-07-30,256,200,0,23,270,0,0
2017-07-31,256,211,0,32,290,0,0
2017-08-01,267,211,0,21,210,0,1
2017-08-02,289,217,0,19,340,0,0
2017-08-03,272,217,0,26,210,1,0
2017-08-04,283,217,0,26,270,0,0
2017-08-05,250,211,0,29,210,0,0
2017-08-06,256,211,0,28,220,0,0
2017-08-07,261,222,0,31,290,0,0
2017-08-08,261,211,0,32,290,0,0
2017-08-09,256,206,0,32,280,0,0
2017-08-10,256,206,0,30,290,0,0
2017-08-11,256,200,0,34,290,0,0
2017-08-12,256,200,0,26,240,0,0
2017-08-13,256,194,0,24,260,0,0
2017-08-14,239,189,0,28,250,0,0
2017-08-15,211,189,0,24,260,1,0
2017-08-16,244,194,0,30,300,0,0
2017-08-17,250,189,0,26,280,0,0
2017-08-18,250,200,0,31,290,0,0
2017-08-19,244,200,0,25,260,0,0
2017-08-20,239,200,0,30,220,0,0
2017-08-21,256,206,0,31,280,0,0
2017-08-22,250,206,0,35,280,0,0
2017-08-23,217,194,0,23,290,0,0
2017-08-24,217,194,0,23,290,0,0
2017-08-25,222,194,0,26,260,0,0
2017-08-26,250,194,0,30,290,1,0
2017-08-27,256,200,0,33,290,1,0
2017-08-28,261,200,0,35,320,0,0
2017-08-29,278,200,0,22,290,1,0
2017-08-30,294,206,0,24,320,1,0
2017-08-31,278,200,0,22,170,1,0
2017-09-01,317,206,0,23,290,1,0
2017-09-02,344,211,0,24,320,0,0
2017-09-03,328,217,8,34,120,1,0
2017-09-04,250,211,0,28,200,0,0
2017-09-05,267,211,0,34,300,1,0
2017-09-06,267,211,0,37,290,0,0
2017-09-07,267,206,0,34,290,0,0
2017-09-08,256,206,3,30,290,0,0
2017-09-09,256,206,10,34,280,1,0
2017-09-10,267,206,0,30,290,0,0
2017-09-11,278,217,0,27,300,0,0
2017-09-12,256,217,0,35,280,0,0
2017-09-13,256,200,0,34,290,0,0
2017-09-14,250,194,0,34,330,0,0
2017-09-15,244,200,0,26,260,0,0
2017-09-16,233,194,0,26,230,0,0
2017-09-17,239,200,0,37,290,0,0
2017-09-18,244,200,0,29,270,0,0
2017-09-19,233,200,0,30,210,0,0
2017-09-20,233,194,0,41,210,0,0
2017-09-21,233,183,0,43,260,0,0
2017-09-22,228,172,0,37,270,0,0
2017-09-23,217,167,0,26,230,0,0
2017-09-24,250,156,0,25,310,0,0
2017-09-25,294,167,0,17,320,0,0
2017-09-26,261,172,0,16,220,0,0
2017-09-27,256,178,0,21,300,0,0
2017-09-28,261,172,0,26,300,1,0
2017-09-29,261,172,0,21,310,1,0
2017-09-30,222,189,0,30,180,1,0
2017-10-01,217,189,0,41,180,0,0
2017-10-02,228,194,0,30,230,0,0
2017-10-03,217,189,0,31,200,0,0
2017-10-04,239,172,0,28,300,0,0
2017-10-05,250,161,0,21,300,0,0
2017-10-06,300,156,0,20,340,0,0
2017-10-07,311,161,0,21,290,1,0
2017-10-08,217,183,0,48,190,1,0
2017-10-09,250,178,0,25,310,0,0
2017-10-10,244,150,0,26,300,1,0
2017-10-11,239,167,0,28,290,0,0
2017-10-12,233,189,0,26,290,0,0
2017-10-13,233,178,0,25,300,0,0
2017-10-14,239,161,0,21,330,1,0
2017-10-15,322,156,0,13,320,0,0
2017-10-16,317,183,0,20,310,0,0
2017-10-17,294,194,0,15,300,0,0
2017-10-18,233,194,0,21,160,1,0
2017-10-19,222,189,0,26,260,1,0
2017-10-20,217,183,0,40,300,0,0
2017-10-21,233,161,0,28,330,0,0
2017-10-22,294,150,0,17,310,0,0
2017-10-23,333,167,0,16,310,0,0
2017-10-24,361,189,0,17,320,0,0
2017-10-25,367,206,0,15,300,0,0
2017-10-26,311,189,0,16,190,0,0
2017-10-27,256,150,0,22,290,1,0
2017-10-28,228,178,0,22,300,1,0
2017-10-29,206,178,0,24,180,0,0
2017-10-30,222,172,0,31,240,0,0
2017-10-31,200,172,0,26,260,0,0
2017-11-01,206,178,0,23,250,0,0
2017-11-02,206,161,0,23,240,0,0
2017-11-03,211,150,0,20,320,0,0
2017-11-04,217,144,0,19,300,0,0
2017-11-05,217,156,0,18,310,0,0
2017-11-06,211,144,0,19,310,0,0
2017-11-07,222,161,0,11,310,0,0
2017-11-08,239,144,0,17,300,0,0
2017-11-09,228,167,0,31,310,0,0
2017-11-10,211,139,0,18,290,0,0
2017-11-11,206,133,0,15,270,0,0
2017-11-12,200,144,0,17,300,0,0
2017-11-13,217,150,0,21,300,1,0
2017-11-14,233,128,0,21,310,1,0
2017-11-15,244,133,0,15,320,0,0
2017-11-16,256,161,0,16,310,0,0
2017-11-17,228,161,0,20,300,0,0
2017-11-18,228,139,0,22,300,1,0
2017-11-19,228,111,0,17,310,1,0
2017-11-20,228,117,0,14,300,0,0
2017-11-21,272,133,0,17,300,0,0
2017-11-22,333,150,0,16,320,0,0
2017-11-23,306,167,0,14,300,0,0
2017-11-24,267,156,0,9,150,0,0
2017-11-25,178,122,0,14,180,1,0
2017-11-26,194,128,0,20,320,1,0
2017-11-27,194,128,5,22,290,1,0
2017-11-28,183,100,0,13,180,0,0
2017-11-29,194,139,0,10,250,0,0
2017-11-30,194,128,0,13,290,0,0
2017-12-01,217,128,0,15,300,1,0
2017-12-02,211,128,0,14,290,1,0
2017-12-03,200,150,0,16,320,1,0
2017-12-04,194,122,0,15,210,0,0
2017-12-05,217,83,0,12,300,0,0
2017-12-06,217,94,0,11,320,0,0
2017-12-07,261,89,0,36,50,0,0
2017-12-08,233,100,0,16,300,0,0
2017-12-09,256,106,0,13,320,0,0
2017-12-10,261,117,0,15,320,0,0
2017-12-11,267,122,0,17,300,0,0
2017-12-12,256,100,0,14,340,0,0
2017-12-13,256,94,0,8,160,0,0
2017-12-14,228,89,0,11,310,0,0
2017-12-15,244,94,0,16,300,0,0
2017-12-16,183,117,0,26,200,0,0
2017-12-17,217,100,0,13,240,0,0
2017-12-18,211,94,0,14,320,0,0
2017-12-19,200,89,0,13,320,0,0
2017-12-20,172,83,18,22,290,1,0
2017-12-21,172,89,0,21,290,0,0
2017-12-22,178,50,0,16,340,0,0
2017-12-23,183,72,0,15,300,0,0
2017-12-24,189,83,0,15,300,0,0
2017-12-25,189,72,0,13,300,1,0
2017-12-26,189,83,0,16,310,1,0
2017-12-27,206,100,0,14,310,1,0
2017-12-28,233,94,0,13,310,1,0
2017-12-29,250,94,0,12,180,0,0
2017-12-30,222,94,0,16,310,0,0
2017-12-31,178,100,0,14,300,0,0
2018-01-01,189,106,0,17,290,1,0
2018-01-02,222,122,0,20,310,1,0
2018-01-03,194,133,0,9,230,1,0
2018-01-04,211,122,0,16,310,1,0
2018-01-05,228,133,0,22,310,1,0
2018-01-06,200,150,0,19,320,1,0
2018-01-07,189,133,0,16,300,1,0
2018-01-08,206,161,41,22,160,1,0
2018-01-09,183,133,399,65,160,1,0
2018-01-10,167,128,5,31,280,1,0
2018-01-11,200,106,0,16,320,0,0
2018-01-12,194,106,0,21,300,1,0
2018-01-13,261,111,0,14,310,1,0
2018-01-14,256,133,0,10,230,0,0
2018-01-15,211,111,0,14,290,0,0
2018-01-16,200,122,0,19,300,1,0
2018-01-17,222,117,0,16,310,1,0
2018-01-18,200,122,0,18,270,1,0
2018-01-19,172,139,3,24,280,1,0
2018-01-20,167,122,0,48,270,0,0
2018-01-21,172,89,0,21,320,0,0
2018-01-22,189,89,0,17,310,0,0
2018-01-23,206,83,0,17,340,0,0
2018-01-24,239,89,0,16,320,0,0
2018-01-25,178,83,5,21,300,0,0
2018-01-26,178,111,0,25,300,0,0
2018-01-27,206,83,0,13,290,0,0
2018-01-28,278,100,0,15,320,0,0
2018-01-29,278,122,0,15,320,0,0
2018-01-30,283,150,0,14,330,0,0
2018-01-31,233,122,0,12,170,0,0
2018-02-01,272,117,0,13,340,0,0
2018-02-02,250,122,0,11,320,0,0
2018-02-03,244,117,0,16,290,0,0
2018-02-04,256,111,0,14,310,0,0
2018-02-05,189,111,0,19,270,0,0
2018-02-06,178,139,0,22,220,0,0
2018-02-07,239,117,0,20,340,0,0
2018-02-08,233,106,0,18,310,0,0
2018-02-09,178,106,0,26,170,0,0
2018-02-10,178,144,0,44,180,0,0
2018-02-11,206,122,0,21,190,0,0
2018-02-12,178,133,0,42,260,0,0
2018-02-13,183,117,0,21,220,0,0
2018-02-14,211,133,0,20,210,0,0
2018-02-15,211,133,0,29,310,0,0
2018-02-16,244,133,0,21,330,0,0
2018-02-17,244,100,0,15,310,0,0
2018-02-18,200,117,0,27,250,0,0
2018-02-19,161,100,0,68,260,0,0
2018-02-20,156,72,0,26,270,0,0
2018-02-21,156,78,0,21,280,0,0
2018-02-22,156,83,10,30,230,1,0
2018-02-23,144,100,0,45,280,0,0
2018-02-24,172,67,0,20,310,0,0
2018-02-25,189,78,0,24,300,0,0
2018-02-26,167,106,0,33,230,0,0
2018-02-27,144,94,81,30,290,0,0
2018-02-28,156,78,0,21,260,0,0
2018-03-01,172,89,0,22,280,0,0
2018-03-02,189,94,0,25,270,0,0
2018-03-03,178,122,58,31,270,1,0
2018-03-04,167,106,3,36,320,0,0
2018-03-05,211,83,0,22,310,0,0
2018-03-06,233,111,0,16,280,0,0
2018-03-07,228,122,0,22,320,0,0
2018-03-08,206,133,0,17,300,0,0
2018-03-09,194,122,0,15,310,0,0
2018-03-10,156,144,91,31,180,1,0
2018-03-11,200,156,0,32,210,0,0
2018-03-12,200,156,0,28,300,0,0
2018-03-13,200,150,0,26,290,1,0
2018-03-14,194,156,3,39,290,1,0
2018-03-15,178,133,18,46,250,1,0
2018-03-16,178,106,0,30,260,0,0
2018-03-17,178,111,69,38,300,1,0
2018-03-18,172,106,0,30,290,0,0
2018-03-19,206,106,0,20,300,0,0
2018-03-20,211,117,0,23,300,0,0
2018-03-21,233,133,0,21,300,0,0
2018-03-22,222,156,0,24,300,0,0
2018-03-23,189,150,0,27,300,1,0
2018-03-24,178,139,0,31,280,0,0
2018-03-25,183,133,0,38,280,0,0
2018-03-26,178,117,0,34,300,0,0
2018-03-27,206,111,0,24,280,0,0
2018-03-28,217,111,0,18,280,1,0
2018-03-29,206,117,0,24,320,1,0
2018-03-30,206,133,0,26,310,1,0
2018-03-31,194,122,0,24,300,1,0
2018-04-01,189,139,0,24,220,0,0
2018-04-02,178,150,0,36,200,0,0
2018-04-03,206,150,0,29,290,0,0
2018-04-04,178,139,0,27,290,0,0
2018-04-05,194,133,0,22,290,1,0
2018-04-06,206,150,0,27,280,0,0
2018-04-07,222,156,0,26,290,0,0
2018-04-08,217,156,0,29,280,0,0
2018-04-09,250,150,0,18,180,0,0
2018-04-10,294,156,0,18,300,0,0
2018-04-11,228,156,0,26,270,1,0
2018-04-12,194,150,0,37,300,0,0
2018-04-13,233,128,0,31,320,0,0
2018-04-14,278,139,0,24,320,0,0
2018-04-15,244,139,0,21,320,0,0
2018-04-16,194,139,0,41,290,0,0
2018-04-17,217,128,0,39,320,0,0
2018-04-18,183,122,0,28,190,0,0
2018-04-19,172,128,3,38,290,0,0
2018-04-20,200,117,0,34,270,0,0
2018-04-21,228,128,0,25,270,0,0
2018-04-22,233,139,0,23,180,1,0
2018-04-23,211,133,0,24,280,1,0
2018-04-24,194,133,0,25,220,1,0
2018-04-25,200,133,0,31,310,1,0
2018-04-26,194,144,0,32,290,0,0
2018-04-27,200,144,0,26,300,0,0
2018-04-28,206,144,0,31,290,0,0
2018-04-29,189,150,0,44,190,0,0
2018-04-30,167,139,3,47,190,1,0
2018-05-01,161,122,8,39,230,1,0
2018-05-02,178,122,20,29,240,1,0
2018-05-03,206,122,0,36,300,0,0
2018-05-04,267,139,0,31,300,0,0
2018-05-05,239,150,0,30,290,1,0
2018-05-06,228,156,0,28,290,0,0
2018-05-07,200,156,0,24,220,0,0
2018-05-08,189,150,0,27,220,1,0
2018-05-09,211,156,0,26,270,0,0
2018-05-10,200,156,0,34,270,1,0
2018-05-11,167,150,0,60,160,0,0
2018-05-12,178,139,3,30,250,0,0
2018-05-13,206,156,0,31,300,0,0
2018-05-14,206,150,0,32,290,0,0
2018-05-15,206,161,0,36,300,0,0
2018-05-16,211,161,0,32,300,0,0
2018-05-17,189,156,0,31,240,0,0
2018-05-18,183,156,0,27,220,0,0
2018-05-19,189,156,0,24,240,0,0
2018-05-20,183,156,0,30,250,0,0
2018-05-21,178,150,0,37,200,1,0
2018-05-22,189,156,0,33,230,0,0
2018-05-23,194,161,0,33,320,0,0
2018-05-24,194,156,0,30,290,0,0
2018-05-25,211,161,0,44,280,0,0
2018-05-26,194,156,0,35,250,0,0
2018-05-27,206,156,0,29,250,0,0
2018-05-28,211,161,0,29,260,0,0
2018-05-29,183,161,0,29,200,0,0
2018-05-30,200,161,0,38,220,0,0
2018-05-31,211,156,0,30,270,1,0
2018-06-01,217,167,0,29,210,0,0
2018-06-02,222,156,0,22,210,0,0
2018-06-03,228,172,0,26,300,0,0
2018-06-04,206,167,0,28,200,0,0
2018-06-05,194,167,0,32,190,1,0
2018-06-06,217,172,0,30,260,0,0
2018-06-07,211,167,0,28,220,0,0
2018-06-08,244,161,0,20,280,0,0
2018-06-09,244,172,0,29,290,1,0
2018-06-10,217,172,0,34,210,0,0
2018-06-11,228,172,0,26,210,1,0
2018-06-12,228,183,0,25,210,0,0
2018-06-13,233,178,0,23,290,0,0
2018-06-14,256,183,0,25,250,1,0
2018-06-15,239,183,0,30,190,0,0
2018-06-16,189,172,0,41,200,0,0
2018-06-17,211,172,0,34,260,0,0
2018-06-18,222,178,0,41,280,0,0
2018-06-19,222,178,0,30,280,0,0
2018-06-20,217,178,0,24,210,0,0
2018-06-21,211,172,0,24,230,1,0
2018-06-22,239,178,0,28,290,1,0
2018-06-23,194,167,0,47,190,1,0
2018-06-24,211,172,0,34,210,0,0
2018-06-25,228,178,0,29,280,0,0
2018-06-26,239,183,0,32,280,0,0
2018-06-27,233,183,0,27,290,0,0
2018-06-28,211,178,0,28,220,0,0
2018-06-29,194,172,0,43,190,0,0
2018-06-30,206,172,0,35,210,0,0
2018-07-01,222,172,0,27,260,0,0
2018-07-02,239,183,0,34,290,0,0
2018-07-03,233,183,0,27,270,0,0
2018-07-04,239,189,0,26,270,0,0
2018-07-05,256,189,0,35,290,0,0
2018-07-06,,200,0,30,330,0,0
2018-07-07,283,217,0,22,190,0,0
2018-07-08,289,228,0,25,180,0,0
2018-07-09,283,233,0,25,180,0,0
2018-07-10,267,222,0,28,190,0,0
2018-07-11,267,217,0,26,210,0,0
2018-07-12,261,217,0,31,210,0,0
2018-07-13,272,217,0,33,280,0,0
2018-07-14,267,217,0,30,280,0,0
2018-07-15,250,200,0,28,190,0,0
2018-07-16,261,200,0,28,230,0,0
2018-07-17,256,206,0,30,270,0,0
2018-07-18,250,200,0,30,170,0,0
2018-07-19,261,206,0,25,210,0,0
2018-07-20,256,211,0,27,230,0,0
2018-07-21,272,217,0,36,300,0,0
2018-07-22,289,217,0,38,300,0,0
2018-07-23,294,222,0,27,280,0,0
2018-07-24,294,217,0,27,200,1,0
2018-07-25,261,211,0,26,200,1,0
2018-07-26,250,206,0,27,220,1,0
2018-07-27,294,211,0,26,290,0,0
2018-07-28,250,211,0,28,200,0,0
2018-07-29,311,222,0,26,250,0,0
2018-07-30,289,233,0,28,330,0,0
2018-07-31,289,228,0,24,270,0,0
2018-08-01,300,233,0,27,290,0,0
2018-08-02,294,233,0,24,290,0,0
2018-08-03,294,233,0,23,290,0,0
2018-08-04,289,228,0,26,210,0,0
2018-08-05,294,222,0,26,300,0,0
2018-08-06,300,222,0,18,320,1,0
2018-08-07,328,228,0,24,170,1,0
2018-08-08,317,244,0,25,240,0,0
2018-08-09,322,250,0,26,320,0,0
2018-08-10,311,256,0,25,220,0,0
2018-08-11,311,250,0,34,300,0,0
2018-08-12,294,239,0,29,270,0,0
2018-08-13,283,228,0,29,290,0,0
2018-08-14,278,228,0,27,280,0,0
2018-08-15,261,228,0,27,220,0,0
2018-08-16,272,228,5,27,210,0,0
2018-08-17,278,228,0,25,320,0,0
2018-08-18,283,228,0,28,320,0,0
2018-08-19,278,228,0,23,280,0,0
2018-08-20,261,228,0,32,230,0,0
2018-08-21,272,222,0,28,270,0,0
2018-08-22,283,228,0,26,270,0,0
2018-08-23,283,228,0,26,290,0,0
2018-08-24,261,222,0,23,210,0,0
2018-08-25,267,222,0,23,290,0,0
2018-08-26,267,211,0,30,290,0,0
2018-08-27,261,217,0,23,270,0,0
2018-08-28,267,211,0,28,300,0,0
2018-08-29,278,211,0,32,290,0,0
2018-08-30,278,211,0,29,290,0,0
2018-08-31,267,211,0,21,280,0,0
2018-09-01,239,194,0,43,180,0,0
2018-09-02,244,206,0,40,210,0,0
2018-09-03,250,211,0,25,240,0,0
2018-09-04,250,211,0,22,340,0,0
2018-09-05,261,217,0,32,300,0,0
2018-09-06,244,211,0,35,290,0,0
2018-09-07,250,206,0,31,280,0,0
2018-09-08,272,189,0,28,290,1,0
2018-09-09,244,194,0,22,180,1,0
2018-09-10,244,189,0,24,250,1,0
2018-09-11,239,183,0,30,220,0,0
2018-09-12,250,200,0,26,270,0,0
2018-09-13,261,194,0,27,290,0,0
2018-09-14,294,200,0,24,300,1,0
2018-09-15,272,206,0,28,290,0,0
2018-09-16,267,200,0,24,300,0,0
2018-09-17,267,189,0,30,300,0,0
2018-09-18,261,178,0,26,300,0,0
2018-09-19,244,194,0,25,300,0,0
2018-09-20,222,189,0,28,220,0,0
2018-09-21,244,172,0,23,290,0,0
2018-09-22,256,189,0,31,280,0,0
2018-09-23,239,200,0,25,270,0,0
2018-09-24,206,183,0,20,220,0,0
2018-09-25,239,189,0,27,300,0,0
2018-09-26,228,194,0,30,270,0,0
2018-09-27,239,189,0,26,280,1,0
2018-09-28,222,194,0,22,220,1,0
2018-09-29,244,189,0,28,300,0,0
2018-09-30,256,189,0,25,270,0,0
2018-10-01,306,217,0,25,310,0,0
2018-10-02,244,206,0,25,240,0,0
2018-10-03,244,200,0,28,150,0,0
2018-10-04,244,200,0,31,280,0,0
2018-10-05,239,189,23,25,280,1,0
2018-10-06,222,194,0,39,190,0,0
2018-10-07,228,189,0,34,230,0,0
2018-10-08,228,172,0,22,240,0,0
2018-10-09,228,183,0,26,280,0,0
2018-10-10,222,172,0,19,260,0,0
2018-10-11,239,183,0,26,290,0,0
2018-10-12,233,172,122,26,290,1,1
2018-10-13,222,167,0,20,290,0,0
2018-10-14,233,172,0,26,300,0,0
2018-10-15,272,167,0,27,280,0,0
2018-10-16,261,150,0,21,320,0,0
2018-10-17,261,150,0,19,310,0,0
2018-10-18,278,156,0,22,290,0,0
2018-10-19,306,161,0,17,320,0,0
2018-10-20,300,172,0,12,270,0,0
2018-10-21,239,150,0,16,270,1,0
2018-10-22,206,172,0,21,270,0,0
2018-10-23,206,167,0,22,300,1,0
2018-10-24,211,167,0,19,280,1,0
2018-10-25,228,161,0,21,300,1,0
2018-10-26,233,139,0,22,300,1,0
2018-10-27,233,150,0,19,300,1,0
2018-10-28,228,144,0,18,290,1,0
2018-10-29,222,172,0,26,150,1,0
2018-10-30,222,178,0,26,170,0,0
2018-10-31,239,156,0,19,310,1,0
2018-11-01,272,144,0,15,310,0,0
2018-11-02,311,156,0,18,320,0,0
2018-11-03,261,156,0,13,290,0,0
2018-11-04,228,139,0,17,190,1,0
2018-11-05,211,156,0,25,180,1,0
2018-11-06,217,183,0,30,210,0,0
2018-11-07,222,189,0,28,290,0,0
2018-11-08,228,167,0,21,290,0,0
2018-11-09,267,133,0,15,320,1,0
2018-11-10,261,133,0,14,220,0,0
2018-11-11,239,117,0,11,320,0,0
2018-11-12,261,100,0,20,210,0,0
2018-11-13,239,117,0,20,260,0,0
2018-11-14,250,133,0,21,300,0,0
2018-11-15,256,111,0,16,320,0,0
2018-11-16,239,122,0,12,220,0,0
2018-11-17,233,122,0,9,260,1,0
2018-11-18,222,133,0,15,290,0,0
2018-11-19,222,122,0,11,290,1,0
2018-11-20,206,133,0,14,210,1,0
2018-11-21,217,133,0,14,220,0,0
2018-11-22,211,161,3,32,310,1,0
2018-11-23,211,150,0,22,290,0,0
2018-11-24,211,167,0,22,270,0,0
2018-11-25,239,139,0,14,300,0,0
2018-11-26,244,133,0,17,310,0,0
2018-11-27,239,117,0,12,290,0,0
2018-11-28,194,139,0,23,170,1,0
2018-11-29,183,150,165,52,270,1,0
2018-11-30,194,150,38,51,260,1,0
2018-12-01,189,139,0,31,300,0,0
2018-12-02,183,122,0,34,290,0,0
2018-12-03,200,100,0,12,300,0,0
2018-12-04,217,111,0,10,270,0,0
2018-12-05,183,106,203,26,100,1,0
2018-12-06,194,133,457,45,190,1,1
2018-12-07,211,133,0,17,310,0,0
2018-12-08,211,117,0,13,320,0,0
2018-12-09,217,111,0,16,310,0,0
2018-12-10,206,133,0,12,290,1,0
2018-12-11,183,139,0,14,230,1,0
2018-12-12,183,117,0,21,170,0,0
2018-12-13,256,106,0,9,200,1,0
2018-12-14,183,128,0,14,310,1,0
2018-12-15,211,100,0,20,310,0,0
2018-12-16,211,106,0,17,300,0,0
2018-12-17,206,94,0,16,90,1,0
2018-12-18,217,144,0,19,320,1,0
2018-12-19,211,128,0,13,290,1,0
2018-12-20,217,128,0,16,320,1,0
2018-12-21,189,72,0,14,320,1,0
2018-12-22,194,106,0,19,320,1,0
2018-12-23,189,122,0,18,290,1,0
2018-12-24,189,122,0,20,280,1,0
2018-12-25,167,122,46,34,280,0,0
2018-12-26,183,100,0,14,290,0,0
2018-12-27,178,106,0,24,180,0,0
2018-12-28,172,72,0,21,290,0,0
2018-12-29,167,50,0,16,320,0,0
2018-12-30,167,78,0,30,170,0,0
2018-12-31,161,89,61,50,80,1,0
2019-01-01,161,72,0,36,30,0,0
2019-01-02,167,50,0,17,280,0,0
2019-01-03,178,56,0,12,300,0,0
2019-01-04,172,61,0,10,220,0,0
2019-01-05,161,100,38,22,160,1,0
2019-01-06,172,111,191,23,130,1,0
2019-01-07,189,94,0,16,300,0,0
2019-01-08,211,100,0,15,200,0,0
2019-01-09,183,106,0,18,300,1,0
2019-01-10,178,122,0,22,300,1,0
2019-01-11,172,106,0,22,170,1,0
2019-01-12,172,117,109,23,90,1,0
2019-01-13,161,100,0,16,180,0,0
2019-01-14,167,122,104,30,130,1,0
2019-01-15,172,133,38,31,160,0,0
2019-01-16,206,139,28,27,150,1,0
2019-01-17,178,156,28,34,180,1,0
2019-01-18,178,133,18,20,320,1,0
2019-01-19,228,106,0,19,310,0,0
2019-01-20,211,117,0,11,300,0,0
2019-01-21,172,122,0,46,300,0,0
2019-01-22,194,94,0,20,300,0,0
2019-01-23,194,78,0,18,290,0,0
2019-01-24,222,89,0,13,320,0,0
2019-01-25,233,100,0,14,310,0,0
2019-01-26,256,100,0,20,290,0,0
2019-01-27,250,106,0,11,180,0,0
2019-01-28,233,106,0,13,300,0,0
2019-01-29,189,128,0,16,290,1,0
2019-01-30,178,144,0,24,220,0,0
2019-01-31,178,122,157,28,170,1,1
2019-02-01,167,117,0,23,160,0,0
2019-02-02,194,122,183,58,160,1,0
2019-02-03,172,117,13,29,190,0,0
2019-02-04,167,122,249,47,230,1,0
2019-02-05,150,117,41,36,300,1,0
2019-02-06,144,89,0,32,300,0,0
2019-02-07,172,67,0,20,280,0,0
2019-02-08,167,72,0,16,300,0,0
2019-02-09,161,100,0,17,210,0,0
2019-02-10,167,94,3,34,270,0,0
2019-02-11,161,83,0,20,290,0,0
2019-02-12,217,67,0,10,300,0,0
2019-02-13,189,117,119,31,170,1,0
2019-02-14,178,128,150,67,170,1,0
2019-02-15,172,117,18,22,270,1,0
2019-02-16,161,111,3,42,290,0,0
2019-02-17,156,106,13,59,290,0,0
2019-02-18,144,83,10,32,360,0,0
2019-02-19,156,50,0,14,270,0,0
2019-02-20,139,67,18,34,300,0,0
2019-02-21,144,72,51,54,280,0,0
2019-02-22,156,50,0,18,270,0,0
2019-02-23,178,61,0,20,310,0,0
2019-02-24,178,72,0,20,320,0,0
2019-02-25,189,89,0,15,300,0,0
2019-02-26,178,100,0,17,290,1,0
2019-02-27,178,111,0,19,290,1,0
2019-02-28,211,128,0,21,290,0,0
2019-03-01,183,150,0,27,290,0,0
2019-03-02,167,144,43,46,180,1,0
2019-03-03,178,139,0,24,260,1,0
2019-03-04,172,122,3,30,330,1,0
2019-03-05,200,100,3,20,280,0,0
2019-03-06,189,150,3,30,300,1,1
2019-03-07,183,133,0,26,260,1,0
2019-03-08,167,122,5,39,330,0,0
2019-03-09,161,106,0,26,290,0,0
2019-03-10,156,106,0,23,250,0,0
2019-03-11,161,106,91,20,300,1,0
2019-03-12,178,111,66,38,260,1,0
2019-03-13,183,128,0,30,270,0,0
2019-03-14,217,106,0,18,270,0,0
2019-03-15,228,111,0,22,320,0,0
2019-03-16,233,106,0,17,310,0,0
2019-03-17,239,128,0,13,180,0,0
2019-03-18,189,133,0,18,200,1,0
2019-03-19,178,133,0,36,210,1,0
2019-03-20,189,139,41,31,180,0,1
2019-03-21,172,122,58,25,240,1,0
2019-03-22,178,111,0,23,270,0,0
2019-03-23,189,117,0,25,290,0,0
2019-03-24,194,128,0,24,300,0,0
2019-03-25,206,117,0,25,300,0,0
2019-03-26,206,122,0,27,300,1,0
2019-03-27,194,139,0,30,300,0,0
2019-03-28,200,139,0,35,300,0,0
2019-03-29,194,122,0,21,300,0,0
2019-03-30,217,122,0,27,300,0,0
2019-03-31,278,133,0,20,330,0,0
2019-04-01,256,161,0,23,220,0,0
2019-04-02,189,150,0,36,220,1,0
2019-04-03,194,150,0,30,280,1,0
2019-04-04,194,144,0,20,250,1,0
2019-04-05,194,133,15,26,290,1,0
2019-04-06,206,144,3,30,300,1,0
2019-04-07,244,139,0,23,300,0,0
2019-04-08,272,161,0,18,300,0,0
2019-04-09,217,167,0,30,280,0,0
2019-04-10,222,139,0,38,290,0,0
2019-04-11,206,128,0,28,230,0,0
2019-04-12,206,150,0,28,290,0,0
2019-04-13,233,133,0,22,300,0,0
2019-04-14,217,139,0,25,300,0,0
2019-04-15,200,144,0,29,260,0,0
2019-04-16,189,150,0,39,270,0,0
2019-04-17,239,139,0,26,260,0,0
2019-04-18,239,150,0,27,300,0,0
2019-04-19,206,150,0,31,290,0,0
2019-04-20,189,156,0,31,270,0,0
2019-04-21,178,150,0,32,260,0,0
2019-04-22,200,139,0,26,280,0,0
2019-04-23,206,156,0,23,250,1,0
2019-04-24,217,150,0,25,340,1,0
2019-04-25,211,156,0,26,290,1,0
2019-04-26,200,161,0,26,280,0,0
2019-04-27,200,156,0,30,290,0,0
2019-04-28,206,161,0,30,270,0,1
2019-04-29,183,156,5,43,180,1,0
2019-04-30,183,144,18,26,260,1,0
2019-05-01,206,161,0,31,300,0,0
2019-05-02,206,150,0,30,300,0,0
2019-05-03,206,150,0,22,280,0,0
2019-05-04,211,156,0,26,280,0,0
2019-05-05,206,156,0,26,280,0,0
2019-05-06,217,156,10,36,260,1,0
2019-05-07,200,161,0,35,270,0,0
2019-05-08,183,144,0,27,320,1,0
2019-05-09,194,144,18,28,230,1,0
2019-05-10,189,150,25,28,200,1,0
2019-05-11,217,167,48,21,290,1,1
2019-05-12,211,167,0,28,250,0,0
2019-05-13,211,172,0,27,240,0,0
2019-05-14,222,172,0,31,280,0,0
2019-05-15,194,172,0,26,270,0,0
2019-05-16,206,161,5,52,270,1,0
2019-05-17,200,156,0,29,280,0,0
2019-05-18,206,139,0,23,220,0,0
2019-05-19,194,144,41,44,180,0,0
2019-05-20,194,144,3,49,290,0,0
2019-05-21,194,156,0,57,270,0,0
2019-05-22,183,144,33,50,270,1,0
2019-05-23,189,150,0,35,230,0,0
2019-05-24,206,133,0,29,280,0,0
2019-05-25,200,144,0,23,260,0,0
2019-05-26,183,144,20,37,270,1,0
2019-05-27,189,139,0,36,260,0,0
2019-05-28,194,128,0,27,230,0,0
2019-05-29,206,144,0,26,300,0,0
2019-05-30,211,161,0,25,220,0,0
2019-05-31,194,161,0,29,210,0,0
2019-06-01,194,161,0,34,250,0,0
2019-06-02,200,161,0,31,270,0,0
2019-06-03,194,167,0,27,320,1,0
2019-06-04,189,167,0,26,250,1,0
2019-06-05,200,161,0,28,210,1,0
2019-06-06,194,161,0,24,220,1,0
2019-06-07,194,167,0,23,270,0,0
2019-06-08,206,167,0,27,220,0,0
2019-06-09,228,167,0,26,280,0,0
2019-06-10,250,161,0,28,260,1,0
2019-06-11,228,167,0,24,210,1,0
2019-06-12,233,172,0,28,300,1,0
2019-06-13,217,172,0,29,260,0,0
2019-06-14,211,167,0,29,220,0,0
2019-06-15,211,178,0,27,270,0,0
2019-06-16,200,178,0,23,230,0,0
2019-06-17,183,172,0,22,180,0,0
2019-06-18,200,167,0,27,270,0,0
2019-06-19,211,167,0,21,270,0,0
2019-06-20,194,167,0,27,220,0,0
2019-06-21,206,161,3,31,210,0,0
2019-06-22,222,172,0,28,270,0,0
2019-06-23,222,178,0,33,280,1,0
2019-06-24,211,172,0,25,280,1,0
2019-06-25,206,172,0,25,280,0,0
2019-06-26,217,172,0,24,280,0,0
2019-06-27,222,172,0,27,260,0,0
2019-06-28,228,178,0,26,290,0,0
2019-06-29,239,172,0,29,300,0,0
2019-06-30,261,178,0,31,300,1,0
2019-07-01,233,172,0,29,280,1,0
2019-07-02,222,178,0,28,210,0,0
2019-07-03,211,178,0,34,220,0,0
2019-07-04,222,183,0,25,210,0,0
2019-07-05,222,183,0,25,280,0,0
2019-07-06,222,183,0,29,210,0,0
2019-07-07,217,178,0,38,220,0,0
2019-07-08,222,178,0,29,210,0,0
2019-07-09,239,183,0,26,280,0,0
2019-07-10,239,178,0,29,290,0,0
2019-07-11,233,183,0,27,280,1,0
2019-07-12,233,183,0,24,280,1,0
2019-07-13,217,167,0,22,220,1,0
2019-07-14,222,172,0,23,260,1,0
2019-07-15,250,183,0,23,270,1,0
2019-07-16,217,172,0,30,190,1,0
2019-07-17,217,172,0,34,190,1,0
2019-07-18,239,183,0,28,280,0,0
2019-07-19,222,183,0,28,280,0,0
2019-07-20,233,194,0,35,290,0,0
2019-07-21,239,194,0,32,280,0,0
2019-07-22,256,194,0,28,280,0,0
2019-07-23,272,206,0,31,290,0,0
2019-07-24,278,211,0,24,170,0,0
2019-07-25,289,211,0,18,190,0,0
2019-07-26,272,211,0,25,290,0,0
2019-07-27,267,206,0,27,290,0,0
2019-07-28,239,183,0,23,210,0,0
2019-07-29,244,183,0,27,280,0,0
2019-07-30,222,189,0,29,210,0,0
2019-07-31,244,183,0,24,280,0,0
2019-08-01,250,200,0,30,290,0,0
2019-08-02,244,200,0,29,270,1,0
2019-08-03,239,189,0,21,270,0,0
2019-08-04,250,183,0,21,280,1,0
2019-08-05,244,200,0,31,290,0,0
2019-08-06,244,194,0,29,280,0,0
2019-08-07,239,194,0,23,260,0,0
2019-08-08,244,183,0,25,280,0,0
2019-08-09,244,183,0,23,280,1,0
2019-08-10,244,189,0,25,270,0,0
2019-08-11,233,183,0,22,260,0,0
2019-08-12,239,178,0,24,280,0,0
2019-08-13,244,183,0,26,290,1,0
2019-08-14,244,189,0,33,290,1,0
2019-08-15,239,178,0,33,280,0,0
2019-08-16,233,178,0,22,220,0,0
2019-08-17,233,178,0,26,270,0,0
2019-08-18,233,189,0,28,280,0,0
2019-08-19,250,200,0,30,280,0,0
2019-08-20,250,194,0,31,290,0,0
2019-08-21,256,189,0,22,280,1,0
2019-08-22,217,178,0,38,180,1,0
2019-08-23,239,189,0,32,240,0,0
2019-08-24,244,189,0,22,280,0,0
2019-08-25,283,206,0,24,300,0,0
2019-08-26,289,211,0,23,260,0,0
2019-08-27,261,206,0,24,200,0,0
2019-08-28,244,206,0,26,250,0,0
2019-08-29,261,200,0,21,290,0,0
2019-08-30,267,206,0,22,270,1,0
2019-08-31,267,211,0,26,290,0,0
2019-09-01,261,211,0,22,280,1,0
2019-09-02,300,200,0,17,130,1,0
2019-09-03,289,228,0,25,280,0,0
2019-09-04,294,228,3,25,150,0,1
2019-09-05,294,228,0,21,280,0,0
2019-09-06,294,217,0,21,290,0,0
2019-09-07,283,211,0,24,290,0,0
2019-09-08,244,194,0,24,260,0,0
2019-09-09,239,194,0,37,210,0,0
2019-09-10,233,200,0,40,230,0,0
2019-09-11,244,194,0,26,280,0,0
2019-09-12,250,178,0,23,280,0,0
2019-09-13,272,194,0,25,290,1,0
2019-09-14,294,189,0,16,290,0,0
2019-09-15,294,183,0,22,300,0,0
2019-09-16,267,200,0,17,280,0,0
2019-09-17,250,189,0,21,270,0,0
2019-09-18,244,172,0,20,260,0,0
2019-09-19,239,183,0,30,260,0,0
2019-09-20,233,161,0,22,270,0,0
2019-09-21,250,172,0,17,270,0,0
2019-09-22,256,172,0,15,210,1,0
2019-09-23,244,178,0,20,270,0,0
2019-09-24,261,161,0,26,290,1,0
2019-09-25,244,206,0,39,170,0,0
2019-09-26,233,211,0,34,170,0,0
2019-09-27,233,200,8,23,280,1,0
2019-09-28,228,189,18,31,270,1,0
2019-09-29,217,161,0,22,280,0,0
2019-09-30,228,139,0,23,280,0,0
2019-10-01,222,156,0,21,220,0,0
2019-10-02,233,128,0,20,280,0,0
2019-10-03,244,139,0,14,270,0,0
2019-10-04,244,133,0,19,290,0,0
2019-10-05,256,117,0,13,280,0,0
2019-10-06,267,128,0,17,280,0,0
2019-10-07,261,139,0,18,280,0,0
2019-10-08,244,156,0,17,290,1,0
2019-10-09,222,183,0,26,210,0,0
2019-10-10,233,156,0,22,280,0,0
2019-10-11,294,122,0,15,260,0,0
2019-10-12,250,122,0,16,280,0,0
2019-10-13,239,161,0,26,270,0,0
2019-10-14,233,167,0,23,280,0,0
2019-10-15,244,139,0,22,290,1,0
2019-10-16,261,150,0,14,270,1,0
2019-10-17,233,183,0,31,260,1,0
2019-10-18,233,161,0,22,300,0,0
2019-10-19,256,133,0,16,280,1,0
2019-10-20,239,139,0,22,290,0,0
2019-10-21,311,144,0,13,310,0,0
2019-10-22,333,156,0,17,310,0,0
2019-10-23,300,150,0,12,210,0,0
2019-10-24,344,150,0,16,310,0,0
2019-10-25,322,156,0,15,300,0,0
2019-10-26,272,144,0,24,200,0,0
2019-10-27,211,156,0,43,200,0,0
2019-10-28,239,128,0,14,280,0,0
2019-10-29,217,106,0,17,280,0,0
2019-10-30,267,100,0,15,270,0,0
2019-10-31,256,67,0,15,300,0,0
2019-11-01,239,89,0,11,310,0,0
2019-11-02,272,100,0,15,310,1,0
2019-11-03,250,89,0,13,280,0,0
2019-11-04,233,89,0,13,280,1,0
2019-11-05,217,100,0,15,290,1,0
2019-11-06,211,144,0,15,270,1,0
2019-11-07,222,156,0,18,290,1,0
2019-11-08,228,144,0,19,300,1,0
2019-11-09,294,122,0,16,280,1,0
2019-11-10,206,167,0,24,270,1,0
2019-11-11,200,139,0,15,280,1,0
2019-11-12,222,139,0,22,290,1,0
2019-11-13,206,144,0,20,310,1,0
2019-11-14,206,139,0,28,300,1,0
2019-11-15,217,156,0,23,280,1,0
2019-11-16,222,133,0,18,280,1,0
2019-11-17,311,122,0,14,320,1,0
2019-11-18,328,139,0,16,290,0,0
2019-11-19,250,156,28,30,140,1,0
2019-11-20,183,144,130,49,240,1,0
2019-11-21,194,139,38,28,130,1,0
2019-11-22,211,111,0,16,290,0,0
2019-11-23,222,111,0,11,320,0,0
2019-11-24,233,106,0,10,310,0,0
2019-11-25,194,100,0,18,170,0,0
2019-11-26,200,106,0,14,290,0,0
2019-11-27,189,117,71,33,280,1,0
2019-11-28,172,111,348,48,270,1,1
2019-11-29,167,100,69,41,230,0,0
2019-11-30,178,100,8,14,300,0,0
2019-12-01,194,94,0,10,260,0,0
2019-12-02,217,100,0,12,290,0,0
2019-12-03,200,117,0,9,210,0,0
2019-12-04,183,161,302,30,170,1,0
2019-12-05,206,117,0,13,290,1,0
2019-12-06,222,122,0,13,10,0,0
2019-12-07,194,172,38,10,160,1,0
2019-12-08,189,156,10,19,270,1,0
2019-12-09,189,122,5,14,280,1,0
2019-12-10,211,100,0,13,280,0,0
2019-12-11,194,94,0,16,300,1,0
2019-12-12,206,117,0,10,290,1,0
2019-12-13,194,117,0,13,290,1,0
2019-12-14,200,156,0,30,280,1,0
2019-12-15,189,111,0,28,300,0,0
2019-12-16,206,72,0,11,280,0,0
2019-12-17,194,50,0,13,320,0,0
2019-12-18,183,50,0,9,260,0,0
2019-12-19,189,56,0,11,320,0,0
2019-12-20,239,67,0,10,350,0,0
2019-12-21,222,83,0,6,160,0,0
2019-12-22,189,106,0,21,120,0,0
2019-12-23,172,133,340,33,90,1,0
2019-12-24,178,128,3,24,280,1,0
2019-12-25,167,117,0,36,130,0,0
2019-12-26,156,89,325,40,290,1,0
2019-12-27,167,67,0,11,210,0,0
2019-12-28,167,72,0,13,230,0,0
2019-12-29,172,72,0,12,280,0,0
2019-12-30,178,100,0,18,160,0,0
2019-12-31,233,89,0,14,30,0,0
2020-01-01,189,78,0,17,210,0,0
2020-01-02,206,100,0,15,320,1,0
2020-01-03,211,94,0,11,210,1,0
2020-01-04,206,83,0,13,310,1,0
2020-01-05,211,83,0,12,280,1,0
2020-01-06,261,78,0,9,320,1,0
2020-01-07,239,67,0,12,190,0,0
2020-01-08,178,78,0,23,230,0,0
2020-01-09,178,111,13,35,270,1,0
2020-01-10,183,83,0,15,280,0,0
2020-01-11,178,61,0,16,230,0,0
2020-01-12,178,94,0,17,290,0,0
2020-01-13,178,106,0,20,230,0,0
2020-01-14,178,100,0,13,280,1,0
2020-01-15,183,72,0,12,300,1,0
2020-01-16,167,117,0,21,240,1,0
2020-01-17,178,106,46,22,280,1,0
2020-01-18,206,72,0,12,320,0,0
2020-01-19,233,72,0,11,210,1,0
2020-01-20,194,122,0,15,260,1,0
2020-01-21,172,122,64,20,290,1,0
2020-01-22,183,122,0,17,280,0,0
2020-01-23,206,94,0,15,300,1,0
2020-01-24,194,117,0,15,280,1,0
2020-01-25,183,122,0,16,220,1,0
2020-01-26,172,139,0,20,280,1,0
2020-01-27,189,106,0,15,320,1,0
2020-01-28,228,100,0,18,310,1,0
2020-01-29,222,111,0,20,320,1,0
2020-01-30,228,83,0,17,290,0,0
2020-01-31,267,83,0,16,350,0,0
2020-02-01,267,94,0,11,10,0,0
2020-02-02,194,106,0,25,210,0,0
2020-02-03,183,139,0,38,300,0,0
2020-02-04,172,56,0,22,290,0,0
2020-02-05,172,33,0,11,280,0,0
2020-02-06,183,67,0,11,210,0,0
2020-02-07,189,72,0,16,280,1,0
2020-02-08,189,100,0,22,280,1,0
2020-02-09,161,128,5,40,240,1,0
2020-02-10,161,117,64,21,280,1,0
2020-02-11,200,94,0,23,260,0,0
2020-02-12,183,89,0,17,220,0,0
2020-02-13,189,78,0,16,300,1,0
2020-02-14,183,100,0,14,300,1,0
2020-02-15,194,78,0,16,310,0,0
2020-02-16,194,94,0,13,280,1,0
2020-02-17,194,128,0,18,280,1,0
2020-02-18,183,150,0,21,210,0,0
2020-02-19,189,133,0,22,290,0,0
2020-02-20,222,106,0,17,280,1,0
2020-02-21,194,117,0,25,200,1,0
2020-02-22,183,139,28,32,270,1,1
2020-02-23,189,133,0,26,280,0,0
2020-02-24,194,122,0,19,300,1,0
2020-02-25,239,106,0,15,310,1,0
2020-02-26,250,106,0,19,280,0,0
2020-02-27,289,106,0,14,10,0,0
2020-02-28,289,144,0,19,200,0,0
2020-02-29,194,111,0,26,230,0,0
2020-03-01,172,128,3,40,260,0,0
2020-03-02,183,117,0,29,280,1,0
2020-03-03,250,94,0,15,280,0,0
2020-03-04,194,139,0,23,280,0,0
2020-03-05,217,139,0,24,310,1,0
2020-03-06,206,144,0,20,270,1,0
2020-03-07,189,156,3,27,270,0,0
2020-03-08,189,139,18,20,240,1,0
2020-03-09,228,117,36,22,160,1,0
2020-03-10,206,161,89,40,170,1,0
2020-03-11,211,167,0,24,280,0,0
2020-03-12,183,156,66,27,200,1,0
2020-03-13,178,150,99,27,230,1,0
2020-03-14,194,144,18,16,230,1,0
2020-03-15,189,133,0,22,290,0,0
2020-03-16,189,139,64,38,180,1,0
2020-03-17,178,117,3,26,270,1,0
2020-03-18,167,111,58,38,300,1,0
2020-03-19,183,133,0,34,240,0,0
2020-03-20,178,122,18,16,220,1,0
2020-03-21,194,122,0,19,260,0,0
2020-03-22,206,122,20,26,220,1,0
2020-03-23,194,133,3,28,270,0,0
2020-03-24,194,122,0,30,280,0,0
2020-03-25,189,133,10,34,290,1,0
2020-03-26,178,122,10,46,270,0,1
2020-03-27,178,100,30,25,270,0,1
2020-03-28,183,100,0,18,210,0,0
2020-03-29,194,111,0,26,270,0,0
2020-03-30,206,133,0,21,300,0,0
2020-03-31,206,139,0,13,290,0,0
2020-04-01,189,144,0,35,200,1,0
2020-04-02,189,156,0,35,190,0,0
2020-04-03,194,122,0,25,230,0,0
2020-04-04,189,150,0,40,190,0,0
2020-04-05,194,144,48,39,190,1,0
2020-04-06,194,144,190,57,170,1,0
2020-04-07,183,133,94,38,160,1,0
2020-04-08,172,122,18,36,180,0,0
2020-04-09,178,128,295,40,240,1,0
2020-04-10,156,128,264,39,210,1,0
2020-04-11,189,106,3,23,280,0,0
2020-04-12,178,144,0,29,260,0,0
2020-04-13,183,144,15,26,300,1,0
2020-04-14,206,150,0,30,320,0,0
2020-04-15,244,122,0,15,280,0,0
2020-04-16,233,117,0,17,290,0,0
2020-04-17,200,156,0,27,230,0,0
2020-04-18,200,150,8,30,280,1,0
2020-04-19,194,156,0,30,290,0,0
2020-04-20,211,167,0,35,280,0,0
2020-04-21,211,167,0,33,280,0,0
2020-04-22,256,139,0,21,280,0,0
2020-04-23,278,150,0,14,280,0,0
2020-04-24,283,172,0,20,310,1,0
2020-04-25,283,172,0,20,270,1,0
2020-04-26,311,178,0,15,310,1,0
2020-04-27,228,189,0,24,190,1,0
2020-04-28,233,183,0,22,210,1,0
2020-04-29,217,183,0,21,260,1,0
2020-04-30,233,178,0,21,210,1,0
2020-05-01,244,183,0,21,270,1,0
2020-05-02,250,172,0,25,280,0,0
2020-05-03,233,178,0,24,280,0,0
2020-05-04,239,172,0,22,290,0,0
2020-05-05,267,172,0,21,290,0,0
2020-05-06,294,167,0,23,300,0,0
2020-05-07,256,167,0,20,190,1,0
2020-05-08,233,178,0,24,190,1,0
2020-05-09,228,194,0,21,270,0,0
2020-05-10,222,189,0,28,260,1,0
2020-05-11,222,178,0,31,280,0,0
2020-05-12,233,156,5,30,280,0,0
2020-05-13,217,167,0,32,310,0,0
2020-05-14,228,161,0,26,250,0,0
2020-05-15,233,183,0,27,280,0,0
2020-05-16,228,178,0,23,220,0,0
2020-05-17,222,189,0,24,210,0,0
2020-05-18,239,189,0,33,280,0,0
2020-05-19,217,167,0,43,280,0,0
2020-05-20,228,144,0,30,280,0,0
2020-05-21,239,156,0,22,280,0,0
2020-05-22,217,183,0,34,200,0,0
2020-05-23,211,172,0,29,220,0,0
2020-05-24,222,161,0,24,270,0,0
2020-05-25,233,178,0,24,280,0,0
2020-05-26,250,183,0,26,280,1,0
2020-05-27,239,178,0,28,280,0,0
2020-05-28,228,183,0,27,230,0,0
2020-05-29,211,183,0,27,270,0,0
2020-05-30,228,178,0,38,280,0,0
2020-05-31,228,178,0,37,300,0,0
2020-06-01,239,167,0,26,300,0,0
2020-06-02,239,172,0,22,210,0,0
2020-06-03,267,189,0,32,280,0,0
2020-06-04,211,172,0,30,200,1,0
2020-06-05,228,183,0,35,230,0,0
2020-06-06,217,178,15,29,280,1,0
2020-06-07,228,167,0,30,280,0,0
2020-06-08,278,144,0,30,310,0,0
2020-06-09,339,150,0,26,350,0,0
2020-06-10,317,167,0,16,280,0,0
2020-06-11,239,167,0,22,220,0,0
2020-06-12,217,172,0,25,270,0,0
2020-06-13,228,172,0,26,280,0,0
2020-06-14,222,178,0,29,230,0,0
2020-06-15,222,183,0,30,220,0,0
2020-06-16,217,178,0,33,220,0,0
2020-06-17,211,172,0,36,220,0,0
2020-06-18,211,172,0,33,230,0,0
2020-06-19,222,183,0,31,280,0,0
2020-06-20,217,178,0,32,280,0,0
2020-06-21,206,183,0,26,270,0,0
2020-06-22,217,183,0,26,270,0,0
2020-06-23,222,178,0,26,290,0,0
2020-06-24,200,178,0,21,260,0,0
2020-06-25,211,172,0,26,210,0,0
2020-06-26,233,178,0,26,290,0,0
2020-06-27,228,183,0,22,220,1,0
2020-06-28,222,172,0,33,260,1,0
2020-06-29,211,167,20,26,230,1,0
2020-06-30,228,172,0,26,270,0,0
2020-07-01,211,183,0,27,280,0,0
2020-07-02,228,178,0,27,280,0,0
2020-07-03,244,172,0,30,290,0,0
2020-07-04,250,183,0,26,280,0,0
2020-07-05,278,178,0,18,290,0,0
2020-07-06,256,189,0,24,220,1,0
2020-07-07,233,194,0,23,230,1,0
2020-07-08,233,183,0,26,210,0,0
2020-07-09,239,178,0,22,270,0,0
2020-07-10,267,189,0,24,290,0,0
2020-07-11,272,206,0,28,300,0,0
2020-07-12,289,206,0,22,280,0,0
2020-07-13,256,206,0,27,210,0,0
2020-07-14,239,194,0,25,270,0,0
2020-07-15,239,194,0,30,280,0,0
2020-07-16,244,200,0,30,280,0,0
2020-07-17,250,206,0,30,280,0,0
2020-07-18,250,200,0,37,290,0,0
2020-07-19,244,194,0,39,300,0,0
2020-07-20,233,189,0,27,280,0,0
2020-07-21,233,189,0,25,280,0,0
2020-07-22,228,189,0,28,280,0,0
2020-07-23,228,183,0,27,280,0,0
2020-07-24,239,189,0,24,280,0,0
2020-07-25,239,200,0,26,270,0,0
2020-07-26,244,189,0,31,280,0,0
2020-07-27,239,189,0,30,290,0,0
2020-07-28,228,183,0,31,280,0,0
2020-07-29,228,178,0,32,280,0,0
2020-07-30,233,183,0,36,310,1,0
2020-07-31,256,189,0,36,290,0,0
2020-08-01,222,167,0,23,170,1,0
2020-08-02,228,161,0,22,180,1,0
2020-08-03,222,178,0,26,190,1,0
2020-08-04,228,172,0,30,290,1,0
2020-08-05,228,183,0,27,270,0,0
2020-08-06,228,183,0,26,270,0,0
2020-08-07,244,178,0,25,290,0,0
2020-08-08,244,178,0,27,290,0,0
2020-08-09,239,189,0,31,280,0,0
2020-08-10,233,183,0,30,290,0,0
2020-08-11,233,189,0,34,290,0,0
2020-08-12,244,178,0,28,280,1,0
2020-08-13,289,206,0,28,290,0,0
2020-08-14,306,200,0,24,290,0,0
2020-08-15,294,222,0,22,190,0,0
2020-08-16,256,222,0,28,190,0,0
2020-08-17,283,217,0,18,280,0,0
2020-08-18,283,222,0,22,190,0,0
2020-08-19,278,222,0,22,200,1,0
2020-08-20,294,222,0,17,170,1,0
2020-08-21,294,217,0,18,170,0,0
2020-08-22,311,244,0,18,170,0,0
2020-08-23,294,239,0,26,270,0,0
2020-08-24,278,233,0,36,290,0,0
2020-08-25,272,228,0,36,290,0,0
2020-08-26,261,211,0,36,290,0,0
2020-08-27,272,211,0,34,290,0,0
2020-08-28,256,206,0,36,280,0,0
2020-08-29,250,200,0,31,290,0,0
2020-08-30,250,194,0,30,270,0,0
2020-08-31,244,200,0,26,270,0,0
2020-09-01,256,200,0,31,280,0,0
2020-09-02,244,200,0,29,280,0,0
2020-09-03,256,206,0,24,280,0,0
2020-09-04,272,206,0,19,290,0,0
2020-09-05,328,217,0,23,300,0,0
2020-09-06,378,222,0,18,160,0,0
2020-09-07,244,200,0,34,200,1,0
2020-09-08,256,217,0,25,190,1,0
2020-09-09,278,189,0,18,280,1,0
2020-09-10,272,172,0,20,290,1,0
2020-09-11,272,178,0,17,320,1,0
2020-09-12,267,161,0,19,290,1,0
2020-09-13,256,183,0,18,290,1,0
2020-09-14,272,178,0,20,290,1,0
2020-09-15,272,172,0,22,290,1,0
2020-09-16,322,167,0,22,300,0,0
2020-09-17,306,172,0,23,290,0,0
2020-09-18,317,189,0,21,300,0,0
2020-09-19,278,189,0,26,290,0,0
2020-09-20,250,200,0,17,280,0,0
2020-09-21,250,200,0,25,280,0,0
2020-09-22,261,200,0,27,310,0,0
2020-09-23,272,178,0,22,300,1,0
2020-09-24,278,183,0,18,260,1,0
2020-09-25,239,200,0,24,180,1,0
2020-09-26,244,200,0,20,210,0,0
2020-09-27,233,189,0,21,240,0,0
2020-09-28,261,178,0,22,280,0,0
2020-09-29,322,200,0,30,300,1,0
2020-09-30,356,200,0,21,290,0,0
2020-10-01,361,194,0,12,280,0,0
2020-10-02,328,194,0,13,200,1,0
2020-10-03,300,178,0,12,200,1,0
2020-10-04,306,172,0,10,300,0,0
2020-10-05,300,183,0,17,300,1,0
2020-10-06,278,183,0,23,310,1,0
2020-10-07,256,194,0,21,270,1,0
2020-10-08,239,183,0,25,270,0,0
2020-10-09,250,189,0,22,260,0,0
2020-10-10,244,194,0,20,270,0,0
2020-10-11,250,189,0,21,270,0,0
2020-10-12,289,172,0,17,300,0,0
2020-10-13,322,172,0,18,310,0,0
2020-10-14,311,167,0,17,180,0,0
2020-10-15,300,172,0,10,280,1,0
2020-10-16,283,178,0,17,300,1,0
2020-10-17,244,178,0,17,190,1,0
2020-10-18,267,183,0,16,270,1,0
2020-10-19,250,183,0,20,290,0,0
2020-10-20,233,194,0,20,280,0,0
2020-10-21,233,200,0,22,230,0,0
2020-10-22,228,200,0,25,210,0,0
2020-10-23,239,206,0,23,270,0,0
2020-10-24,233,206,0,27,270,0,0
2020-10-25,222,172,30,34,270,0,0
2020-10-26,228,133,0,20,290,0,0
2020-10-27,244,106,0,13,260,0,0
2020-10-28,244,111,0,13,280,0,0
2020-10-29,256,117,0,14,300,1,0
2020-10-30,250,122,0,10,290,1,0
2020-10-31,250,133,0,12,290,1,0
2020-11-01,294,144,0,11,280,1,0
2020-11-02,250,144,0,14,270,1,0
2020-11-03,233,167,0,16,280,1,0
2020-11-04,244,156,0,17,310,1,0
2020-11-05,317,150,0,16,300,0,0
2020-11-06,222,172,0,40,280,1,0
2020-11-07,189,144,30,55,270,0,0
2020-11-08,183,133,36,59,260,0,0
2020-11-09,183,111,0,21,270,0,0
2020-11-10,200,78,0,14,310,0,0
2020-11-11,206,72,0,12,280,0,0
2020-11-12,206,89,0,16,290,0,0
2020-11-13,200,94,0,13,270,0,0
2020-11-14,206,139,0,23,290,0,0
2020-11-15,261,106,0,14,310,0,0
2020-11-16,322,117,0,9,210,0,0
2020-11-17,261,111,0,13,300,1,0
2020-11-18,206,122,0,18,280,1,0
2020-11-19,200,133,0,23,310,1,0
2020-11-20,222,122,0,18,300,1,0
2020-11-21,211,117,0,15,300,1,0
2020-11-22,211,117,0,11,280,1,0
2020-11-23,189,133,0,21,180,1,0
2020-11-24,194,128,0,13,140,0,0
2020-11-25,194,111,0,15,290,0,0
2020-11-26,194,117,0,17,290,0,0
2020-11-27,211,61,0,14,270,0,0
2020-11-28,233,56,0,10,320,0,0
2020-11-29,239,61,0,13,310,0,0
2020-11-30,239,89,0,16,320,0,0
2020-12-01,228,67,0,8,320,0,0
2020-12-02,267,72,0,7,300,0,0
2020-12-03,222,78,0,15,270,0,0
2020-12-04,222,56,0,10,290,0,0
2020-12-05,217,50,0,9,300,0,0
2020-12-06,217,61,0,17,300,0,0
2020-12-07,183,67,0,7,310,0,0
2020-12-08,267,122,0,15,130,0,0
2020-12-09,228,100,0,9,250,1,0
2020-12-10,178,94,0,19,250,1,0
2020-12-11,183,94,0,12,270,0,0
2020-12-12,172,100,0,10,180,0,0
2020-12-13,206,78,0,10,280,0,0
2020-12-14,183,100,8,13,280,1,0
2020-12-15,211,83,0,16,300,0,0
2020-12-16,222,61,0,11,300,0,0
2020-12-17,178,72,0,16,280,1,0
2020-12-18,194,100,0,13,320,0,0
2020-12-19,222,56,0,16,320,0,0
2020-12-20,244,61,0,6,300,0,0
2020-12-21,267,72,0,13,170,1,0
2020-12-22,178,89,0,16,200,1,0
2020-12-23,194,89,0,11,330,1,0
2020-12-24,206,117,0,12,40,0,0
2020-12-25,228,78,0,11,320,0,0
2020-12-26,189,78,0,17,290,0,0
2020-12-27,167,133,0,23,140,1,0
2020-12-28,167,122,142,40,230,1,0
2020-12-29,172,89,3,22,320,1,0
2020-12-30,189,50,0,14,300,0,0
2020-12-31,178,67,0,18,320,0,0
2021-01-01,211,67,0,8,280,0,0
2021-01-02,189,67,0,10,210,0,0
2021-01-03,178,78,0,13,270,0,0
2021-01-04,178,83,0,17,300,0,0
2021-01-05,161,94,0,19,320,1,0
2021-01-06,172,94,0,14,280,1,0
2021-01-07,200,78,0,13,280,1,0
2021-01-08,194,89,0,13,290,1,0
2021-01-09,200,56,0,10,270,1,0
2021-01-10,228,67,0,12,310,1,0
2021-01-11,211,61,0,16,300,0,0
2021-01-12,222,67,0,13,290,0,0
2021-01-13,222,78,0,13,310,0,0
2021-01-14,272,89,0,14,310,0,0
2021-01-15,311,117,0,9,320,0,0
2021-01-16,233,100,0,10,200,0,0
2021-01-17,278,111,0,9,200,0,0
2021-01-18,206,100,0,18,220,0,0
2021-01-19,228,133,0,34,80,0,0
2021-01-20,228,150,3,33,70,0,0
2021-01-21,206,128,0,13,230,1,0
2021-01-22,178,139,8,32,260,1,0
2021-01-23,156,89,97,24,230,1,0
2021-01-24,156,83,33,22,260,0,0
2021-01-25,139,100,56,97,270,1,1
2021-01-26,150,83,0,37,290,0,0
2021-01-27,167,61,0,11,290,0,0
2021-01-28,178,78,20,26,170,1,0
2021-01-29,167,94,241,26,280,1,0
2021-01-30,167,72,0,14,320,1,0
2021-01-31,200,72,0,12,290,0,0
2021-02-01,222,139,0,17,320,0,0
2021-02-02,194,144,0,21,300,0,0
2021-02-03,167,128,0,17,280,1,0
2021-02-04,172,117,0,25,230,0,0
2021-02-05,189,89,0,15,290,1,0
2021-02-06,206,78,0,13,280,1,0
2021-02-07,194,94,0,15,280,1,0
2021-02-08,156,122,0,19,210,1,0
2021-02-09,167,133,0,21,280,0,0
2021-02-10,172,117,0,19,300,0,0
2021-02-11,194,94,0,19,280,1,0
2021-02-12,183,117,8,32,280,1,0
2021-02-13,172,111,3,27,140,0,0
2021-02-14,189,111,0,23,300,0,0
2021-02-15,178,94,0,22,240,1,0
2021-02-16,178,128,15,28,280,1,0
2021-02-17,178,94,0,17,280,0,0
2021-02-18,206,78,0,22,250,0,0
2021-02-19,200,72,0,18,320,0,0
2021-02-20,189,89,0,17,270,0,0
2021-02-21,278,78,0,17,350,0,0
2021-02-22,256,72,0,16,300,0,0
2021-02-23,239,83,0,13,280,0,0
2021-02-24,200,94,0,20,160,1,0
2021-02-25,217,100,0,21,320,1,0
2021-02-26,233,78,0,13,280,0,0
2021-02-27,183,106,0,19,270,0,0
2021-02-28,233,89,0,16,280,0,0
2021-03-01,250,78,0,16,270,0,0
2021-03-02,222,67,0,12,260,0,0
2021-03-03,172,94,147,36,130,0,1
2021-03-04,189,111,0,23,300,0,0
2021-03-05,206,94,0,21,300,1,0
2021-03-06,194,117,0,26,290,1,0
2021-03-07,178,117,0,29,200,0,0
2021-03-08,178,133,0,30,280,0,0
2021-03-09,178,106,0,31,270,0,0
2021-03-10,172,111,46,36,260,1,0
2021-03-11,156,100,124,26,280,0,0
2021-03-12,161,94,0,28,260,0,0
2021-03-13,178,111,0,30,270,0,0
2021-03-14,172,128,0,18,260,0,0
2021-03-15,150,122,43,58,280,1,0
2021-03-16,161,100,3,29,280,0,0
2021-03-17,167,78,0,19,280,0,0
2021-03-18,172,100,0,28,290,0,0
2021-03-19,194,100,0,25,290,0,0
2021-03-20,189,122,0,20,280,1,0
2021-03-21,178,100,0,20,300,0,0
2021-03-22,189,94,0,29,260,0,0
2021-03-23,178,133,3,40,280,0,0
2021-03-24,189,106,0,26,270,0,0
2021-03-25,167,128,8,43,250,0,0
2021-03-26,178,117,3,26,280,0,0
2021-03-27,228,89,0,23,290,0,0
2021-03-28,278,100,0,21,320,0,0
2021-03-29,222,111,0,18,260,0,0
2021-03-30,194,144,0,27,140,0,0
2021-03-31,311,117,0,19,280,0,0
2021-04-01,311,139,0,23,160,0,0
2021-04-02,206,150,0,33,180,0,0
2021-04-03,200,144,0,33,290,0,0
2021-04-04,228,133,0,24,290,1,0
2021-04-05,194,144,0,25,260,0,0
2021-04-06,206,144,0,24,280,0,0
2021-04-07,228,133,0,25,270,0,0
2021-04-08,211,144,0,21,270,1,0
2021-04-09,211,150,0,24,270,1,0
2021-04-10,211,150,0,26,270,0,0
2021-04-11,194,139,0,30,220,0,0
2021-04-12,194,156,0,34,210,0,0
2021-04-13,167,150,0,30,230,0,0
2021-04-14,178,144,0,32,270,0,0
2021-04-15,189,122,0,27,280,0,0
2021-04-16,200,139,0,24,280,0,0
2021-04-17,194,150,0,22,280,0,0
2021-04-18,278,150,0,33,340,0,0
2021-04-19,267,122,0,19,290,0,0
2021-04-20,189,150,0,37,160,0,0
2021-04-21,178,150,0,39,230,0,0
2021-04-22,172,144,0,33,260,0,0
2021-04-23,178,139,5,26,270,0,0
2021-04-24,194,156,0,28,280,0,0
2021-04-25,194,156,0,30,290,0,0
2021-04-26,189,139,13,38,260,0,0
2021-04-27,183,139,0,30,260,0,0
2021-04-28,222,106,0,17,290,0,0
2021-04-29,272,128,0,22,280,0,0
2021-04-30,283,150,0,20,290,0,0
2021-05-01,200,161,0,29,230,0,0
2021-05-02,189,150,3,39,170,1,0
2021-05-03,217,161,0,30,280,0,0
2021-05-04,228,167,0,21,270,0,0
2021-05-05,222,161,0,19,270,1,0
2021-05-06,200,161,0,22,220,0,0
2021-05-07,200,161,0,27,270,0,0
2021-05-08,200,167,0,31,230,0,0
2021-05-09,206,161,0,26,160,0,0
2021-05-10,194,161,0,26,220,0,0
2021-05-11,194,161,0,22,270,0,0
2021-05-12,206,167,0,24,260,0,0
2021-05-13,222,172,0,32,290,0,0
2021-05-14,211,172,0,32,270,0,0
2021-05-15,194,167,0,34,240,0,0
2021-05-16,183,150,10,34,270,1,0
2021-05-17,200,156,5,30,280,0,0
2021-05-18,211,167,0,30,270,0,0
2021-05-19,206,167,0,30,220,0,0
2021-05-20,194,161,0,38,170,0,0
2021-05-21,189,150,0,40,220,0,0
2021-05-22,189,139,0,30,260,0,0
2021-05-23,211,122,0,30,300,0,0
2021-05-24,244,139,0,27,290,0,0
2021-05-25,244,150,0,23,190,1,0
2021-05-26,211,161,0,33,210,0,0
2021-05-27,206,161,0,26,270,0,0
2021-05-28,206,167,0,22,220,0,0
2021-05-29,189,156,0,28,230,0,0
2021-05-30,200,161,0,31,240,0,0
2021-05-31,211,167,0,23,270,0,0
2021-06-01,206,167,0,26,280,0,0
2021-06-02,217,167,0,26,280,1,0
2021-06-03,200,167,0,24,220,0,0
2021-06-04,217,161,0,22,220,0,0
2021-06-05,217,172,0,26,270,0,0
2021-06-06,211,172,0,32,220,0,0
2021-06-07,194,167,0,33,220,1,0
2021-06-08,222,172,0,28,280,0,0
2021-06-09,222,167,0,34,290,0,0
2021-06-10,228,139,0,24,280,0,0
2021-06-11,244,144,0,20,280,0,0
2021-06-12,239,150,0,20,190,0,0
2021-06-13,239,178,0,24,300,0,0
2021-06-14,239,172,0,28,280,0,0
2021-06-15,306,183,0,27,270,0,0
2021-06-16,222,183,0,26,180,1,0
2021-06-17,228,161,0,22,190,1,0
2021-06-18,217,183,0,25,210,1,0
2021-06-19,228,189,0,26,280,0,0
2021-06-20,228,178,0,23,280,0,0
2021-06-21,239,183,0,27,280,0,0
2021-06-22,222,194,0,36,270,0,0
2021-06-23,233,194,3,32,60,0,1
2021-06-24,233,189,0,38,280,0,0
2021-06-25,239,183,0,36,290,0,0
2021-06-26,228,189,0,23,270,0,0
2021-06-27,228,189,0,23,230,0,0
2021-06-28,217,189,0,30,200,1,0
2021-06-29,222,189,0,29,170,1,0
2021-06-30,228,194,0,24,220,0,0
2021-07-01,239,189,0,30,280,0,0
2021-07-02,239,194,0,24,250,0,0
2021-07-03,233,194,0,24,270,0,0
2021-07-04,233,194,0,31,290,0,0
2021-07-05,239,194,0,33,280,0,0
2021-07-06,233,189,0,26,270,0,0
2021-07-07,233,189,0,22,210,0,0
2021-07-08,244,194,0,21,200,0,0
2021-07-09,256,200,0,20,280,0,0
2021-07-10,272,206,0,26,210,0,0
2021-07-11,239,206,0,26,210,0,0
2021-07-12,244,206,0,23,230,0,0
2021-07-13,256,206,0,23,250,0,0
2021-07-14,250,211,0,24,200,0,0
2021-07-15,256,211,0,26,270,0,0
2021-07-16,261,211,0,25,280,0,0
2021-07-17,261,211,0,26,270,0,0
2021-07-18,278,222,0,24,280,0,0
2021-07-19,278,217,0,26,280,0,0
2021-07-20,289,217,0,29,280,0,0
2021-07-21,272,211,0,24,270,0,0
2021-07-22,256,211,0,31,230,0,0
2021-07-23,261,206,0,26,270,1,0
2021-07-24,250,211,0,25,270,0,0
2021-07-25,250,211,0,23,190,0,0
2021-07-26,239,211,0,27,290,1,0
2021-07-27,250,211,0,33,290,1,0
2021-07-28,261,206,0,31,290,0,0
2021-07-29,256,200,0,31,280,0,0
2021-07-30,250,194,0,32,290,0,0
2021-07-31,250,183,0,36,280,1,0
2021-08-01,267,178,0,32,290,1,0
2021-08-02,272,211,0,34,290,0,0
2021-08-03,256,183,0,30,280,1,0
2021-08-04,244,194,0,31,290,0,0
2021-08-05,256,189,0,25,210,0,0
2021-08-06,233,183,0,30,160,1,0
2021-08-07,233,183,0,26,220,1,0
2021-08-08,239,194,0,23,270,0,0
2021-08-09,256,194,0,25,280,0,0
2021-08-10,261,211,0,29,320,0,0
2021-08-11,278,211,58,28,270,1,1
2021-08-12,283,217,0,20,280,1,0
2021-08-13,300,217,0,18,280,0,0
2021-08-14,283,211,0,28,300,0,0
2021-08-15,261,211,0,24,290,0,0
2021-08-16,261,217,0,23,190,0,0
2021-08-17,256,222,0,24,210,0,0
2021-08-18,261,228,0,29,190,0,0
2021-08-19,256,217,0,31,270,0,0
2021-08-20,244,217,0,28,260,0,0
2021-08-21,256,200,0,30,270,1,0
2021-08-22,250,211,0,34,280,0,0
2021-08-23,256,206,0,29,280,0,0
2021-08-24,256,194,0,29,290,0,0
2021-08-25,267,200,0,33,290,0,0
2021-08-26,278,206,0,30,290,1,0
2021-08-27,261,200,0,28,300,1,0
2021-08-28,250,200,0,23,280,1,0
2021-08-29,250,206,0,31,320,0,0
2021-08-30,256,211,0,21,280,1,0
2021-08-31,233,200,0,27,220,1,0
2021-09-01,250,211,0,31,270,0,0
2021-09-02,256,217,0,30,270,0,0
2021-09-03,244,200,0,34,290,0,0
2021-09-04,283,194,0,31,300,1,0
2021-09-05,261,194,0,25,180,0,0
2021-09-06,250,211,0,26,190,1,0
2021-09-07,272,217,0,22,280,1,0
2021-09-08,278,217,0,30,290,0,0
2021-09-09,294,211,0,20,290,0,1
2021-09-10,272,217,0,29,290,1,0
2021-09-11,294,211,0,27,300,0,0
2021-09-12,267,206,0,34,310,0,0
2021-09-13,244,189,0,29,280,1,0
2021-09-14,250,189,0,20,200,0,0
2021-09-15,244,194,0,26,280,0,0
2021-09-16,239,189,0,27,280,0,0
2021-09-17,239,194,0,26,280,0,0
2021-09-18,239,194,0,32,290,0,0
2021-09-19,239,178,0,20,260,0,0
2021-09-20,244,167,0,17,270,0,0
2021-09-21,289,183,0,24,290,0,0
2021-09-22,300,206,0,26,320,0,0
2021-09-23,250,189,0,30,290,0,0
2021-09-24,244,189,127,18,20,0,1
2021-09-25,233,194,0,20,270,0,0
2021-09-26,211,194,0,27,280,1,0
2021-09-27,211,189,0,21,290,0,0
2021-09-28,222,194,0,20,270,0,0
2021-09-29,239,189,0,27,270,0,0
2021-09-30,250,156,0,17,280,0,0
2021-10-01,322,144,0,16,320,0,0
2021-10-02,300,156,0,16,300,1,0
2021-10-03,311,161,0,11,290,1,0
2021-10-04,289,189,119,21,250,1,1
2021-10-05,244,194,43,26,40,1,1
2021-10-06,233,200,0,26,290,0,0
2021-10-07,228,194,0,20,280,0,0
2021-10-08,217,167,41,25,290,1,0
2021-10-09,222,156,0,20,280,0,0
2021-10-10,233,139,0,17,310,0,0
2021-10-11,211,161,0,46,260,1,0
2021-10-12,217,133,0,32,320,0,0
2021-10-13,228,100,0,16,300,0,0
2021-10-14,222,111,0,18,280,0,0
2021-10-15,294,117,0,16,320,0,0
2021-10-16,300,122,0,11,290,0,0
2021-10-17,239,128,0,16,270,0,0
2021-10-18,206,128,0,30,290,0,0
2021-10-19,206,111,0,12,280,0,0
2021-10-20,211,117,0,17,280,0,0
2021-10-21,222,122,0,18,290,0,0
2021-10-22,206,167,0,28,290,1,0
2021-10-23,206,161,0,25,240,1,0
2021-10-24,217,167,0,22,300,0,0
2021-10-25,206,139,53,31,310,1,0
2021-10-26,206,133,0,25,290,0,0
2021-10-27,261,122,0,13,300,0,0
2021-10-28,294,133,0,11,300,0,0
2021-10-29,261,150,0,16,260,1,0
2021-10-30,200,161,0,20,220,1,0
2021-10-31,211,167,0,17,260,0,0
2021-11-01,217,150,0,24,320,0,0
2021-11-02,200,150,0,26,280,1,0
2021-11-03,200,150,0,21,290,1,0
2021-11-04,194,150,0,22,290,1,0
2021-11-05,206,150,0,21,210,1,0
2021-11-06,206,161,0,18,280,1,0
2021-11-07,206,150,0,20,280,0,0
2021-11-08,194,150,0,22,200,0,0
2021-11-09,206,139,0,24,300,1,0
2021-11-10,211,156,0,20,310,1,0
2021-11-11,294,133,0,14,320,0,0
2021-11-12,333,144,0,11,320,0,0
2021-11-13,294,139,0,7,250,0,0
2021-11-14,306,133,0,10,300,0,0
2021-11-15,272,122,0,13,300,1,0
2021-11-16,189,133,0,21,280,1,0
2021-11-17,206,144,0,17,270,0,0
2021-11-18,189,128,0,18,280,1,0
2021-11-19,194,150,0,18,270,1,0
2021-11-20,189,156,0,22,280,0,0
2021-11-21,267,122,0,10,300,1,0
2021-11-22,278,133,0,10,300,0,0
2021-11-23,189,117,0,13,170,0,0
2021-11-24,194,117,0,20,310,0,0
2021-11-25,261,72,0,25,50,0,0
2021-11-26,256,94,0,16,320,0,0
2021-11-27,239,78,0,8,250,0,0
2021-11-28,250,78,0,13,310,1,0
2021-11-29,233,78,0,9,300,1,0
2021-11-30,183,117,0,14,290,1,0
2021-12-01,189,122,0,13,280,1,0
2021-12-02,167,139,0,15,290,1,0
2021-12-03,172,133,0,23,280,0,0
2021-12-04,172,133,0,22,300,0,0
2021-12-05,178,106,0,18,290,1,0
2021-12-06,161,83,0,21,140,1,0
2021-12-07,167,100,0,26,140,0,0
2021-12-08,206,89,0,17,280,0,0
2021-12-09,172,128,28,30,280,1,0
2021-12-10,161,89,0,17,190,0,0
2021-12-11,194,67,0,11,290,0,0
2021-12-12,178,50,0,11,280,0,0
2021-12-13,156,94,0,20,140,0,0
2021-12-14,161,117,249,74,160,1,0
2021-12-15,150,72,0,17,280,0,0
2021-12-16,144,33,0,14,300,1,0
2021-12-17,178,89,3,17,310,1,0
2021-12-18,183,39,0,9,300,0,0
2021-12-19,172,44,0,9,200,1,0
2021-12-20,172,39,0,9,290,1,0
2021-12-21,189,106,0,10,310,1,0
2021-12-22,178,94,0,13,290,1,0
2021-12-23,178,122,127,26,130,1,0
2021-12-24,172,122,81,42,260,1,0
2021-12-25,144,122,46,22,270,1,0
2021-12-26,156,78,20,26,250,1,0
2021-12-27,133,72,13,26,260,1,0
2021-12-28,139,100,20,33,280,1,0
2021-12-29,144,89,69,43,160,1,0
2021-12-30,178,128,0,29,190,0,0
2021-12-31,178,122,0,29,260,0,0
2022-01-01,178,117,0,15,320,0,0
2022-01-02,194,72,0,13,290,0,0
2022-01-03,156,33,0,12,290,0,0
2022-01-04,156,44,0,13,280,0,0
2022-01-05,183,56,0,9,300,0,0
2022-01-06,183,67,0,9,280,1,0
2022-01-07,150,100,0,24,140,1,0
2022-01-08,161,94,0,15,230,1,0
2022-01-09,206,67,0,6,280,0,0
2022-01-10,222,72,0,9,310,0,0
2022-01-11,244,83,0,10,320,0,0
2022-01-12,233,83,0,9,280,0,0
2022-01-13,222,100,0,8,320,0,0
2022-01-14,211,122,0,16,310,1,0
2022-01-15,211,111,8,13,110,1,0
2022-01-16,194,128,0,13,160,0,0
2022-01-17,189,128,33,13,220,1,0
2022-01-18,172,128,0,17,320,0,0
2022-01-19,178,111,0,18,280,1,0
2022-01-20,200,83,0,16,310,1,0
2022-01-21,167,72,0,13,210,1,0
2022-01-22,206,78,0,13,280,0,0
2022-01-23,211,72,0,15,300,0,0
2022-01-24,189,72,0,17,200,0,0
2022-01-25,167,83,0,16,210,0,0
2022-01-26,194,83,0,17,280,1,0
2022-01-27,211,56,0,12,310,0,0
2022-01-28,250,61,0,11,270,0,0
2022-01-29,206,72,0,10,320,0,0
2022-01-30,194,56,0,13,270,0,0
2022-01-31,167,61,0,16,140,0,0
2022-02-01,172,100,0,31,170,0,0
2022-02-02,189,72,0,16,290,0,0
2022-02-03,178,39,0,12,300,0,0
2022-02-04,194,44,0,13,270,0,0
2022-02-05,200,39,0,13,310,0,0
2022-02-06,222,44,0,12,320,0,0
2022-02-07,233,67,0,13,320,0,0
2022-02-08,244,67,0,13,300,0,0
2022-02-09,294,72,0,15,300,0,0
2022-02-10,278,100,0,19,260,0,0
2022-02-11,272,100,0,9,280,0,0
2022-02-12,328,94,0,12,290,0,0
2022-02-13,283,89,0,16,320,0,0
2022-02-14,239,83,0,14,280,0,0
2022-02-15,156,94,56,47,250,1,1
2022-02-16,167,78,0,22,170,0,0
2022-02-17,217,78,0,18,300,0,0
2022-02-18,206,50,0,16,320,0,0
2022-02-19,200,56,0,12,300,1,0
2022-02-20,172,100,0,21,240,1,0
2022-02-21,167,128,0,43,280,0,0
2022-02-22,156,111,69,52,270,1,0
2022-02-23,133,89,53,55,280,1,0
2022-02-24,156,44,0,25,280,0,0
2022-02-25,156,33,0,17,320,0,0
2022-02-26,194,44,0,19,300,0,0
2022-02-27,206,61,0,17,320,0,0
2022-02-28,239,67,0,14,330,0,0
2022-03-01,244,72,0,16,280,0,0
2022-03-02,256,78,0,14,260,1,0
2022-03-03,161,111,0,43,210,1,0
2022-03-04,172,117,157,41,270,1,1
2022-03-05,150,117,3,59,270,0,0
2022-03-06,161,94,0,23,260,0,0
2022-03-07,178,67,0,18,300,0,0
2022-03-08,194,56,0,14,280,0,0
2022-03-09,172,67,0,24,230,0,0
2022-03-10,178,117,0,33,280,0,0
2022-03-11,206,78,0,18,310,0,0
2022-03-12,222,67,0,14,300,0,0
2022-03-13,172,94,0,21,260,0,0
2022-03-14,189,111,0,22,290,0,0
2022-03-15,189,106,0,18,280,1,0
2022-03-16,194,133,0,24,270,0,0
2022-03-17,233,106,0,21,320,0,0
2022-03-18,233,100,0,16,280,0,0
2022-03-19,189,128,15,23,310,1,0
2022-03-20,178,128,58,34,280,1,0
2022-03-21,194,111,0,18,270,0,0
2022-03-22,250,111,0,19,280,0,0
2022-03-23,294,128,0,20,320,0,0
2022-03-24,222,128,0,20,310,1,0
2022-03-25,194,133,0,25,280,1,0
2022-03-26,189,128,0,22,280,1,0
2022-03-27,172,133,0,31,220,0,0
2022-03-28,189,122,122,48,170,1,1
2022-03-29,172,122,53,24,280,1,0
2022-03-30,183,128,0,25,270,0,0
2022-03-31,167,139,0,38,170,0,0
2022-04-01,200,144,0,23,280,0,0
2022-04-02,167,144,0,21,260,1,0
2022-04-03,172,139,3,28,280,1,0
2022-04-04,189,133,0,28,300,0,0
2022-04-05,200,117,0,22,220,1,0
2022-04-06,222,128,0,16,210,1,0
2022-04-07,317,128,0,20,320,1,0
2022-04-08,350,144,0,16,320,0,0
2022-04-09,211,150,0,35,170,1,0
2022-04-10,194,156,0,38,210,0,0
2022-04-11,183,139,0,48,280,0,0
2022-04-12,189,128,0,42,270,0,0
2022-04-13,189,106,0,27,270,0,0
2022-04-14,189,89,0,22,270,0,0
2022-04-15,194,122,0,26,280,0,0
2022-04-16,189,150,0,37,280,0,0
2022-04-17,194,139,0,37,290,1,0
2022-04-18,206,139,0,26,280,0,0
2022-04-19,206,133,0,26,270,0,0
2022-04-20,194,133,0,32,280,0,0
2022-04-21,194,111,0,27,280,0,0
2022-04-22,189,128,3,48,280,1,0
2022-04-23,189,106,0,31,320,0,0
2022-04-24,261,111,0,22,330,0,0
2022-04-25,278,117,0,17,320,0,0
2022-04-26,228,117,0,24,210,0,0
2022-04-27,178,139,0,39,220,0,0
2022-04-28,178,139,0,30,240,0,0
2022-04-29,194,128,0,27,300,0,0
2022-04-30,200,122,0,20,260,0,0
2022-05-01,189,144,0,42,170,0,0
2022-05-02,183,144,0,29,280,0,0
2022-05-03,178,139,0,32,230,0,0
2022-05-04,200,122,0,23,280,0,0
2022-05-05,206,144,0,29,290,1,0
2022-05-06,194,144,0,24,210,1,0
2022-05-07,189,156,0,34,210,0,0
2022-05-08,183,144,0,45,250,0,0
2022-05-09,194,133,0,37,280,0,0
2022-05-10,189,111,0,30,290,0,0
2022-05-11,183,117,0,36,280,0,0
2022-05-12,239,94,0,29,320,0,0
2022-05-13,250,117,0,20,310,0,0
2022-05-14,272,128,0,17,280,0,0
2022-05-15,211,150,0,29,220,1,0
2022-05-16,194,144,0,32,280,1,0
2022-05-17,178,139,0,35,190,0,0
2022-05-18,183,150,0,34,230,0,0
2022-05-19,183,144,0,33,190,1,0
2022-05-20,183,144,5,40,190,1,0
2022-05-21,189,150,0,29,210,0,0
2022-05-22,200,144,0,27,280,0,0
2022-05-23,183,139,0,29,220,0,0
2022-05-24,178,144,0,21,210,0,0
2022-05-25,189,128,0,19,220,0,0
2022-05-26,189,156,0,24,270,0,0
2022-05-27,200,156,0,29,260,0,0
2022-05-28,183,156,0,34,290,0,0
2022-05-29,194,156,0,32,230,0,0
2022-05-30,200,156,0,28,270,0,0
2022-05-31,200,156,0,32,280,0,0
2022-06-01,194,161,0,25,190,0,0
2022-06-02,194,150,0,25,220,1,0
2022-06-03,194,150,0,25,210,1,0
2022-06-04,200,161,0,27,260,0,0
2022-06-05,211,167,0,30,260,0,0
2022-06-06,211,161,0,29,220,1,0
2022-06-07,194,161,0,27,230,1,0
2022-06-08,206,161,0,26,260,1,0
2022-06-09,206,161,0,24,210,1,0
2022-06-10,217,156,0,21,190,1,0
2022-06-11,217,167,0,25,280,1,0
2022-06-12,200,167,0,20,190,0,0
2022-06-13,194,167,0,30,230,1,0
2022-06-14,206,167,0,30,190,0,0
2022-06-15,200,161,0,27,200,1,0
2022-06-16,206,167,0,26,250,0,0
2022-06-17,200,167,0,26,210,0,0
2022-06-18,200,161,0,26,270,0,0
2022-06-19,222,133,0,21,310,0,0
2022-06-20,250,144,0,22,280,0,0
2022-06-21,228,183,0,23,280,1,0
2022-06-22,233,178,0,31,290,0,0
2022-06-23,244,189,0,34,280,0,0
2022-06-24,233,178,0,33,290,1,0
2022-06-25,222,161,0,33,280,1,0
2022-06-26,228,167,0,26,310,1,0
2022-06-27,239,167,0,21,270,1,0
2022-06-28,250,183,0,22,200,1,0
2022-06-29,244,189,0,25,220,1,0
2022-06-30,244,189,0,26,280,0,0
2022-07-01,228,189,0,29,270,0,0
2022-07-02,222,183,0,28,280,0,0
2022-07-03,211,178,0,32,280,0,0
2022-07-04,206,178,0,27,230,0,0
2022-07-05,222,189,0,28,270,0,0
2022-07-06,228,189,0,32,280,0,0
2022-07-07,217,183,0,26,190,0,0
2022-07-08,222,183,0,24,280,0,0
2022-07-09,222,178,0,32,290,0,0
2022-07-10,228,172,0,24,280,0,0
2022-07-11,211,178,0,29,280,0,0
2022-07-12,217,172,0,29,280,0,0
2022-07-13,217,172,0,34,280,0,0
2022-07-14,217,178,0,28,260,0,0
2022-07-15,217,178,0,22,270,0,0
2022-07-16,217,178,0,24,220,1,0
2022-07-17,217,172,0,26,160,1,1
2022-07-18,250,183,0,19,280,1,0
2022-07-19,256,194,0,26,280,1,0
2022-07-20,267,200,0,19,270,0,0
2022-07-21,256,189,0,25,280,0,0
2022-07-22,233,189,0,25,250,0,0
2022-07-23,233,189,0,30,220,0,0
2022-07-24,233,189,0,28,200,0,0
2022-07-25,233,194,0,28,270,0,0
2022-07-26,244,194,0,29,280,0,0
2022-07-27,244,194,0,33,290,0,0
2022-07-28,244,194,0,27,280,0,0
2022-07-29,239,189,0,25,200,0,0
2022-07-30,256,200,0,22,270,0,0
2022-07-31,261,206,0,21,280,0,0
2022-08-01,267,211,0,29,280,0,0
2022-08-02,261,211,0,33,280,0,0
2022-08-03,250,206,0,31,280,0,0
2022-08-04,261,200,0,24,270,0,0
2022-08-05,267,206,0,33,280,0,0
2022-08-06,256,206,0,34,290,0,0
2022-08-07,261,194,0,20,280,0,0
2022-08-08,272,200,0,19,190,0,0
2022-08-09,294,211,0,20,280,0,0
2022-08-10,294,222,0,23,280,0,0
2022-08-11,283,206,0,32,280,1,0
2022-08-12,278,206,0,23,280,0,0
2022-08-13,267,211,0,24,220,0,0
2022-08-14,272,211,0,22,210,0,0
2022-08-15,261,211,0,25,280,0,0
2022-08-16,267,206,0,21,280,1,0
2022-08-17,272,206,0,22,280,1,0
2022-08-18,272,206,0,31,300,0,0
2022-08-19,250,200,0,27,220,0,0
2022-08-20,244,206,0,36,220,0,0
2022-08-21,239,200,0,25,270,0,0
2022-08-22,261,206,0,27,290,0,0
2022-08-23,244,206,0,25,200,0,0
2022-08-24,244,206,0,25,210,0,0
2022-08-25,261,211,0,22,210,0,0
2022-08-26,267,217,0,23,280,0,0
2022-08-27,250,211,0,26,280,0,0
2022-08-28,244,211,0,21,250,0,0
2022-08-29,256,217,0,32,280,0,0
2022-08-30,278,206,0,30,290,0,0
2022-08-31,294,206,0,28,290,0,0
2022-09-01,294,211,0,24,160,1,0
2022-09-02,317,222,0,19,270,0,0
2022-09-03,350,233,0,18,320,0,0
2022-09-04,328,256,0,29,200,0,0
2022-09-05,317,233,0,25,280,0,0
2022-09-06,300,228,0,17,220,0,0
2022-09-07,317,228,0,19,270,1,0
2022-09-08,344,239,5,20,320,1,0
2022-09-09,317,211,160,26,190,1,0
2022-09-10,267,222,0,22,190,0,0
2022-09-11,289,233,0,22,270,0,0
2022-09-12,272,228,0,26,290,0,0
2022-09-13,267,211,0,26,280,0,0
2022-09-14,244,206,0,21,210,0,0
2022-09-15,239,194,0,22,270,0,0
2022-09-16,244,189,0,22,260,0,0
2022-09-17,239,189,0,24,240,0,0
2022-09-18,228,183,0,23,260,0,0
2022-09-19,244,183,0,28,280,0,0
2022-09-20,256,178,0,30,320,0,0
2022-09-21,256,194,0,39,320,0,0
2022-09-22,261,167,0,26,290,0,0
2022-09-23,272,194,0,26,290,0,0
2022-09-24,272,200,0,26,300,0,0
2022-09-25,267,206,0,29,300,0,0
2022-09-26,267,200,0,26,290,0,0
2022-09-27,294,200,0,23,280,1,0
2022-09-28,261,200,0,17,170,1,0
2022-09-29,250,189,0,18,280,1,0
2022-09-30,228,194,0,25,210,0,0
2022-10-01,228,189,0,22,270,0,0
2022-10-02,233,200,0,27,280,0,0
2022-10-03,228,200,0,28,280,0,0
2022-10-04,233,189,0,18,210,0,0
2022-10-05,211,183,0,20,220,1,0
2022-10-06,211,183,0,19,220,1,0
2022-10-07,239,183,0,20,280,0,0
2022-10-08,250,189,0,22,280,0,0
2022-10-09,244,194,0,19,280,1,0
2022-10-10,228,194,0,19,270,0,0
2022-10-11,228,194,3,21,270,0,1
2022-10-12,233,200,0,26,280,0,0
2022-10-13,211,189,0,26,270,1,0
2022-10-14,206,183,0,19,250,0,0
2022-10-15,228,178,5,15,270,1,1
2022-10-16,233,183,0,27,300,0,0
2022-10-17,233,161,0,21,280,0,0
2022-10-18,272,161,0,20,300,0,0
2022-10-19,350,167,0,19,280,0,0
2022-10-20,267,167,0,21,170,1,0
2022-10-21,228,189,0,28,230,1,0
2022-10-22,211,178,8,33,250,1,0
2022-10-23,206,150,8,22,240,1,0
2022-10-24,233,117,0,17,280,0,0
2022-10-25,233,106,0,17,280,0,0
2022-10-26,217,144,0,26,260,0,0
2022-10-27,211,150,0,19,220,0,0
2022-10-28,222,128,0,15,260,0,0
2022-10-29,228,133,0,17,290,0,0
2022-10-30,244,122,0,15,290,0,0
2022-10-31,250,128,0,17,280,0,0
2022-11-01,206,172,0,29,220,1,0
2022-11-02,194,156,18,46,280,1,0
2022-11-03,178,117,0,46,280,0,0
2022-11-04,206,83,0,17,280,0,0
2022-11-05,211,94,0,11,280,0,0
2022-11-06,194,106,0,17,210,0,0
2022-11-07,194,156,25,28,200,1,0
2022-11-08,194,133,213,55,170,1,0
2022-11-09,211,106,15,35,280,0,0
2022-11-10,183,78,0,15,320,0,0
2022-11-11,206,72,0,11,320,0,0
2022-11-12,194,72,0,11,280,0,0
2022-11-13,178,106,0,21,290,0,0
2022-11-14,200,83,0,15,320,0,0
2022-11-15,206,78,0,10,310,0,0
2022-11-16,244,72,0,11,270,0,0
2022-11-17,217,56,0,13,320,0,0
2022-11-18,183,72,0,13,220,0,0
2022-11-19,233,83,0,13,320,1,0
2022-11-20,244,72,0,11,320,0,0
2022-11-21,244,78,0,12,300,0,0
2022-11-22,222,72,0,12,290,0,0
2022-11-23,217,61,0,10,300,0,0
2022-11-24,278,72,0,22,30,0,0
2022-11-25,233,83,0,13,310,0,0
2022-11-26,194,72,0,16,220,0,0
2022-11-27,194,67,0,16,280,0,0
2022-11-28,172,133,0,29,250,1,0
2022-11-29,172,106,0,24,140,0,0
2022-11-30,167,89,0,15,230,0,0
2022-12-01,167,133,0,22,270,0,0
2022-12-02,206,106,0,22,290,0,0
2022-12-03,194,100,0,12,300,1,0
2022-12-04,183,100,0,13,280,1,0
2022-12-05,183,128,3,17,290,1,0
2022-12-06,172,111,0,21,260,0,0
2022-12-07,172,100,0,17,270,0,0
2022-12-08,167,67,0,17,310,0,0
2022-12-09,167,61,0,13,280,0,0
2022-12-10,178,61,0,10,280,0,0
2022-12-11,161,106,114,40,170,1,0
2022-12-12,133,78,119,18,230,1,0
2022-12-13,156,56,0,9,240,0,0
2022-12-14,167,50,0,14,290,0,0
2022-12-15,167,56,0,13,300,1,0
2022-12-16,200,78,0,13,280,1,0
2022-12-17,183,39,0,13,320,0,0
2022-12-18,172,78,0,13,210,0,0
2022-12-19,183,39,0,13,290,1,0
2022-12-20,189,44,0,11,290,1,0
2022-12-21,206,56,0,11,310,0,0
2022-12-22,189,67,0,9,200,1,0
2022-12-23,172,78,0,19,300,1,0
2022-12-24,206,78,0,14,340,1,0
2022-12-25,267,83,0,10,310,0,0
2022-12-26,278,94,0,9,180,0,0
2022-12-27,178,106,43,15,230,1,0
2022-12-28,183,144,114,26,160,1,0
2022-12-29,167,128,0,21,190,0,0
2022-12-30,167,133,0,9,280,1,0
2022-12-31,161,144,8,26,170,1,0
2023-01-01,161,133,259,74,270,1,0
2023-01-02,156,111,5,29,270,0,0
2023-01-03,178,122,86,44,130,1,0
2023-01-04,183,150,8,34,150,1,0
2023-01-05,172,128,56,37,160,1,0
2023-01-06,172,89,0,18,320,1,0
2023-01-07,194,78,0,11,280,1,0
2023-01-08,200,83,0,13,280,1,0
2023-01-09,183,94,0,26,130,0,0
2023-01-10,172,111,51,34,170,1,0
2023-01-11,178,89,0,13,310,1,0
2023-01-12,228,83,0,7,260,0,0
2023-01-13,200,89,0,10,280,1,0
2023-01-14,167,100,190,37,200,1,0
2023-01-15,172,128,267,27,290,1,0
2023-01-16,167,111,246,55,170,1,0
2023-01-17,150,89,8,43,290,0,0
2023-01-18,161,67,0,15,320,0,0
2023-01-19,156,50,36,22,280,1,0
2023-01-20,161,83,8,19,320,1,0
2023-01-21,172,50,0,11,290,0,0
2023-01-22,161,44,0,16,170,0,0
2023-01-23,183,56,0,18,310,0,0
2023-01-24,189,50,0,17,280,0,0
2023-01-25,200,50,0,11,350,0,0
2023-01-26,217,67,0,46,60,0,0
2023-01-27,189,56,0,15,300,0,0
2023-01-28,161,89,0,32,200,0,0
2023-01-29,150,117,0,38,270,0,0
2023-01-30,150,106,74,29,150,1,0
2023-01-31,161,78,13,17,280,1,0
2023-02-01,189,56,0,11,300,0,0
2023-02-02,200,50,0,10,290,0,0
2023-02-03,206,89,0,12,310,0,0
2023-02-04,194,56,0,11,310,1,0
2023-02-05,172,89,0,21,290,1,0
2023-02-06,183,94,0,27,310,0,0
2023-02-07,211,61,0,14,320,0,0
2023-02-08,211,72,0,16,320,0,0
2023-02-09,256,72,0,16,30,0,0
2023-02-10,228,78,0,15,320,0,0
2023-02-11,161,106,0,28,270,0,0
2023-02-12,156,78,99,28,180,1,1
2023-02-13,161,100,18,34,180,1,0
2023-02-14,144,122,8,51,260,0,0
2023-02-15,156,56,0,23,280,0,0
2023-02-16,206,39,0,26,30,0,0
2023-02-17,183,61,0,13,280,0,0
2023-02-18,194,72,0,14,210,0,0
2023-02-19,178,61,0,17,210,0,0
2023-02-20,189,72,0,13,310,0,0
2023-02-21,172,83,5,42,280,1,0
2023-02-22,150,106,0,85,270,0,0
2023-02-23,144,100,28,45,230,0,0
2023-02-24,161,100,10,64,150,0,0
2023-02-25,144,83,262,50,150,1,1
2023-02-26,144,78,18,27,280,0,0
2023-02-27,156,61,0,21,230,0,0
2023-02-28,161,94,5,30,210,0,0
2023-03-01,144,94,51,74,280,1,0
2023-03-02,156,44,0,19,330,0,0
2023-03-03,156,61,0,14,280,0,0
2023-03-04,156,61,0,17,260,0,0
2023-03-05,161,100,0,20,280,0,0
2023-03-06,167,89,0,24,280,0,0
2023-03-07,161,89,0,24,280,0,0
2023-03-08,161,72,0,18,280,0,0
2023-03-09,172,89,0,22,290,0,0
2023-03-10,172,106,185,17,150,1,0
2023-03-11,178,144,38,26,170,1,0
2023-03-12,183,139,0,25,290,1,0
2023-03-13,178,128,0,22,280,1,0
2023-03-14,189,122,64,19,150,1,0
2023-03-15,161,122,218,44,180,1,0
2023-03-16,167,106,0,21,190,0,0
2023-03-17,172,106,0,22,290,0,0
2023-03-18,244,100,0,14,280,1,0
2023-03-19,178,144,33,27,160,1,0
2023-03-20,172,133,10,35,280,1,0
2023-03-21,178,122,269,63,160,1,0
2023-03-22,172,117,8,42,240,0,0
2023-03-23,167,117,20,36,290,1,0
2023-03-24,172,100,0,24,270,0,0
2023-03-25,172,89,0,25,280,0,0
2023-03-26,172,89,0,23,290,0,0
2023-03-27,211,83,0,21,350,0,0
2023-03-28,206,100,0,21,280,0,0
2023-03-29,150,106,53,27,170,1,0
2023-03-30,167,106,58,30,270,0,1
2023-03-31,172,83,0,23,320,0,0
2023-04-01,189,83,0,21,320,0,0
2023-04-02,172,100,0,23,210,0,0
2023-04-03,172,128,0,57,280,0,0
2023-04-04,167,94,0,36,330,0,0
2023-04-05,178,78,0,23,320,0,0
2023-04-06,217,78,0,18,320,0,0
2023-04-07,194,100,0,20,280,0,0
2023-04-08,189,106,0,27,290,0,0
2023-04-09,172,122,0,30,290,1,0
2023-04-10,178,117,0,20,270,1,0
2023-04-11,183,122,0,26,290,1,0
2023-04-12,156,133,23,39,180,1,0
2023-04-13,150,122,3,40,230,1,0
2023-04-14,178,133,0,31,270,0,0
2023-04-15,183,122,0,26,270,0,0
2023-04-16,161,133,0,24,290,0,0
2023-04-17,172,133,3,21,280,1,0
2023-04-18,183,128,3,31,290,1,0
2023-04-19,194,117,0,26,280,0,0
2023-04-20,233,106,0,21,300,0,0
2023-04-21,278,122,0,21,320,0,0
2023-04-22,272,133,0,20,150,1,0
2023-04-23,183,150,0,36,210,1,0
2023-04-24,194,150,0,31,210,0,0
2023-04-25,194,150,0,30,200,0,0
2023-04-26,211,161,0,29,290,1,0
2023-04-27,194,144,0,30,280,1,0
2023-04-28,189,144,0,27,280,1,0
2023-04-29,189,144,0,26,280,0,0
2023-04-30,172,144,0,25,190,1,0
2023-05-01,183,139,0,37,240,1,0
2023-05-02,183,133,0,32,270,0,0
2023-05-03,189,117,13,30,260,0,0
2023-05-04,194,144,5,41,210,0,0
2023-05-05,194,139,5,29,280,0,0
2023-05-06,200,122,0,26,290,0,0
2023-05-07,211,128,0,22,300,0,0
2023-05-08,194,144,0,22,270,0,0
2023-05-09,189,156,0,36,280,0,0
2023-05-10,189,139,0,34,290,0,0
2023-05-11,194,150,0,33,270,0,0
2023-05-12,183,156,0,27,270,0,0
2023-05-13,189,150,0,24,180,1,0
2023-05-14,178,144,0,25,220,1,0
2023-05-15,194,150,0,21,270,0,0
2023-05-16,211,150,0,26,280,1,0
2023-05-17,178,144,0,23,280,1,0
2023-05-18,194,144,0,25,220,1,0
2023-05-19,189,156,0,21,230,0,0
2023-05-20,194,161,0,25,280,1,0
2023-05-21,206,161,0,24,260,0,0
2023-05-22,178,156,0,23,190,0,0
2023-05-23,178,150,0,25,220,1,0
2023-05-24,189,144,0,25,220,0,0
2023-05-25,194,161,0,32,270,0,0
2023-05-26,206,156,0,36,280,0,0
2023-05-27,206,156,0,37,280,1,0
2023-05-28,194,161,0,23,280,0,0
2023-05-29,178,156,0,24,280,0,0
2023-05-30,189,156,0,30,280,0,0
2023-05-31,189,139,0,26,260,0,0
2023-06-01,189,150,0,26,270,0,0
2023-06-02,206,161,0,34,280,0,0
2023-06-03,206,156,0,27,270,1,0
2023-06-04,206,167,0,26,260,0,0
2023-06-05,189,161,0,33,220,0,0
2023-06-06,206,161,0,30,240,0,0
2023-06-07,211,156,0,25,290,0,0
2023-06-08,211,144,0,28,280,0,0
2023-06-09,211,161,0,34,280,0,0
2023-06-10,194,161,0,28,270,0,0
2023-06-11,183,161,8,27,220,1,0
2023-06-12,206,156,0,29,300,0,0
2023-06-13,194,167,0,30,310,1,0
2023-06-14,206,167,0,24,280,1,0
2023-06-15,217,161,0,22,280,1,0
2023-06-16,222,178,0,32,290,0,0
2023-06-17,217,172,0,35,290,0,0
2023-06-18,206,167,0,22,280,0,0
2023-06-19,217,167,0,24,260,0,0
2023-06-20,228,161,0,25,280,0,0
2023-06-21,228,156,0,22,280,0,0
2023-06-22,200,161,0,30,270,0,0
2023-06-23,211,150,0,30,290,0,0
2023-06-24,211,144,0,27,270,0,0
2023-06-25,211,161,0,30,280,0,0
2023-06-26,217,161,0,27,300,0,0
2023-06-27,217,156,0,22,270,0,0
2023-06-28,206,167,0,25,280,0,0
2023-06-29,217,167,0,28,280,0,0
2023-06-30,228,172,0,27,290,0,0
2023-07-01,228,167,0,26,220,1,0
2023-07-02,228,172,0,28,280,1,0
2023-07-03,222,172,0,29,300,1,0
2023-07-04,222,167,0,28,300,1,0
2023-07-05,222,161,0,29,280,0,0
2023-07-06,211,161,0,25,270,0,0
2023-07-07,211,167,0,24,260,0,0
2023-07-08,211,172,0,29,200,0,0
2023-07-09,222,172,0,28,280,0,0
2023-07-10,228,172,0,26,280,0,0
2023-07-11,244,172,0,25,280,1,0
2023-07-12,267,189,0,26,290,0,0
2023-07-13,267,194,0,28,290,0,0
2023-07-14,256,183,0,26,270,0,0
2023-07-15,239,189,0,25,210,0,0
2023-07-16,239,183,0,25,170,0,0
2023-07-17,256,194,0,22,290,0,0
2023-07-18,250,194,0,26,270,1,0
2023-07-19,256,194,0,31,280,0,0
2023-07-20,244,194,0,26,280,0,0
2023-07-21,250,189,0,26,170,1,0
2023-07-22,244,183,0,22,280,1,0
2023-07-23,239,183,0,25,290,1,0
2023-07-24,244,189,0,22,290,1,0
2023-07-25,256,189,0,20,280,1,0
2023-07-26,278,200,0,17,210,1,0
2023-07-27,250,206,0,26,210,0,0
2023-07-28,233,200,0,23,210,1,0
2023-07-29,256,200,0,22,210,0,0
2023-07-30,267,206,0,26,170,1,0
2023-07-31,256,206,0,22,220,1,0
2023-08-01,272,211,0,24,260,0,0
2023-08-02,256,200,0,29,280,0,0
2023-08-03,239,189,0,24,270,0,0
2023-08-04,244,183,0,26,280,0,0
2023-08-05,244,189,0,24,270,1,0
2023-08-06,250,183,0,19,220,1,0
2023-08-07,267,178,0,19,230,1,0
2023-08-08,283,206,0,17,280,0,0
2023-08-09,256,211,0,25,220,0,0
2023-08-10,239,211,0,29,220,0,0
2023-08-11,244,206,0,25,270,0,0
2023-08-12,244,200,0,27,280,0,0
2023-08-13,244,200,0,27,290,0,0
2023-08-14,239,200,0,30,290,0,0
2023-08-15,244,200,0,34,280,1,0
2023-08-16,261,200,0,33,290,0,1
2023-08-17,239,189,0,35,290,0,0
2023-08-18,239,189,0,31,290,1,0
2023-08-19,239,183,0,26,280,0,0
2023-08-20,239,189,462,51,160,1,0
2023-08-21,244,183,5,26,170,1,0
2023-08-22,256,178,0,29,300,1,0
2023-08-23,239,189,0,30,280,1,0
2023-08-24,239,183,0,31,280,1,0
2023-08-25,239,183,0,33,290,1,0
2023-08-26,244,183,0,31,290,0,0
2023-08-27,261,183,0,27,290,0,0
2023-08-28,283,183,0,23,280,0,0
2023-08-29,289,189,0,20,300,1,0
2023-08-30,250,200,0,20,170,1,0
2023-08-31,250,200,0,21,170,1,0
2023-09-01,244,206,0,27,190,1,0
2023-09-02,256,211,3,25,300,1,0
2023-09-03,261,200,0,35,290,0,0
2023-09-04,244,189,0,23,280,0,0
2023-09-05,233,183,0,21,270,0,0
2023-09-06,250,189,0,26,290,0,0
2023-09-07,256,178,0,27,300,0,0
2023-09-08,272,194,0,28,290,1,0
2023-09-09,283,211,0,26,290,0,0
2023-09-10,283,217,0,23,300,0,0
2023-09-11,300,217,0,23,280,1,0
2023-09-12,250,206,0,22,220,0,0
2023-09-13,239,194,0,21,280,0,0
2023-09-14,239,194,0,25,270,0,0
2023-09-15,228,200,0,27,280,0,0
2023-09-16,222,200,0,25,260,0,0
2023-09-17,217,200,0,26,280,0,0
2023-09-18,239,189,0,27,280,0,0
2023-09-19,239,161,0,22,260,0,0
2023-09-20,233,178,0,23,260,0,0
2023-09-21,239,183,0,26,290,0,0
2023-09-22,206,172,10,23,10,1,0
2023-09-23,233,183,0,27,290,1,0
2023-09-24,239,178,0,26,280,0,0
2023-09-25,239,172,0,26,290,0,0
2023-09-26,239,167,0,20,290,1,0
2023-09-27,233,167,0,23,190,1,0
2023-09-28,222,178,0,25,220,1,0
2023-09-29,217,189,0,29,240,0,0
2023-09-30,222,183,0,33,280,0,0
2023-10-01,217,167,0,26,270,0,0
2023-10-02,222,144,0,23,320,0,0
2023-10-03,239,139,0,20,300,0,0
2023-10-04,272,150,0,15,310,1,0
2023-10-05,289,156,0,16,280,0,0
2023-10-06,250,156,0,12,280,1,0
2023-10-07,256,167,0,18,280,1,0
2023-10-08,244,172,0,26,290,1,0
2023-10-09,233,183,0,29,290,1,0
2023-10-10,228,178,3,23,260,1,0
2023-10-11,222,178,0,30,210,1,0
2023-10-12,228,156,0,20,220,0,0
2023-10-13,228,156,0,15,260,0,0
2023-10-14,244,167,0,21,290,1,0
2023-10-15,256,144,0,17,310,1,0
2023-10-16,233,156,0,21,270,1,0
2023-10-17,228,172,0,20,200,1,0
2023-10-18,222,172,0,21,290,1,0
2023-10-19,233,161,0,24,290,1,0
2023-10-20,261,178,0,21,310,1,0
2023-10-21,256,156,0,22,290,1,0
2023-10-22,222,189,0,31,270,0,0
2023-10-23,211,167,0,29,260,0,0
2023-10-24,222,139,0,22,260,0,0
2023-10-25,194,178,0,26,200,0,0
2023-10-26,222,156,0,17,290,0,0
2023-10-27,217,156,0,17,280,0,0
2023-10-28,211,128,0,14,290,0,0
2023-10-29,261,122,0,16,300,0,0
2023-10-30,256,83,0,15,300,0,0
2023-10-31,272,128,0,10,330,0,0
2023-11-01,294,100,0,8,320,0,0
2023-11-02,278,94,0,11,280,0,0
2023-11-03,256,94,0,12,290,1,0
2023-11-04,244,94,0,14,320,1,0
2023-11-05,239,106,0,19,290,1,0
2023-11-06,211,128,0,16,270,1,0
2023-11-07,206,150,0,22,280,1,0
2023-11-08,211,117,0,17,300,1,0
2023-11-09,239,83,0,13,320,0,0
2023-11-10,244,67,0,11,290,0,0
2023-11-11,233,67,0,11,310,0,0
2023-11-12,267,83,0,11,290,0,0
2023-11-13,239,89,0,8,280,1,0
2023-11-14,239,89,0,12,320,0,0
2023-11-15,206,122,36,17,190,1,1
2023-11-16,228,156,3,11,290,1,0
2023-11-17,217,133,30,10,200,1,0
2023-11-18,211,144,0,18,230,1,0
2023-11-19,206,128,0,20,280,1,0
2023-11-20,233,106,0,11,300,0,0
2023-11-21,256,89,0,13,300,0,0
2023-11-22,256,100,0,16,310,0,0
2023-11-23,200,106,0,31,170,0,0
2023-11-24,189,128,3,26,240,1,0
2023-11-25,194,100,0,18,320,0,0
2023-11-26,217,78,0,13,360,0,0
2023-11-27,217,78,0,13,320,0,0
2023-11-28,206,94,0,11,300,0,0
2023-11-29,183,89,33,14,260,1,0
2023-11-30,178,128,51,15,270,1,0
2023-12-01,194,111,0,13,280,1,0
2023-12-02,189,78,0,12,230,0,0
2023-12-03,200,72,0,13,320,1,0
2023-12-04,211,89,0,12,320,1,0
2023-12-05,256,94,0,9,320,1,0
2023-12-06,206,94,0,12,160,1,0
2023-12-07,189,117,0,12,280,1,0
2023-12-08,194,100,0,11,280,0,0
2023-12-09,239,78,0,9,270,0,0
2023-12-10,222,61,0,15,300,0,0
2023-12-11,200,67,0,11,320,0,0
2023-12-12,172,106,0,26,210,1,0
2023-12-13,183,106,0,16,280,0,0
2023-12-14,217,78,0,10,330,0,0
2023-12-15,250,72,0,13,260,0,0
2023-12-16,250,94,0,14,310,0,0
2023-12-17,233,78,0,7,320,0,0
2023-12-18,228,111,0,8,280,0,0
2023-12-19,206,133,0,15,210,0,0
2023-12-20,200,150,3,31,160,1,0
2023-12-21,211,139,102,26,230,1,1
2023-12-22,183,128,23,17,280,1,1
2023-12-23,183,111,0,17,230,0,0
2023-12-24,189,100,0,16,300,1,0
2023-12-25,189,94,0,12,300,1,0
2023-12-26,194,94,0,10,310,1,0
2023-12-27,183,111,0,14,280,1,0
2023-12-28,178,111,0,16,280,1,0
2023-12-29,183,100,0,9,280,1,0
2023-12-30,167,122,69,23,280,1,0
2023-12-31,161,117,5,14,280,1,0
2024-01-01,178,89,0,12,320,1,0
2024-01-02,178,72,0,10,280,0,0
2024-01-03,161,111,30,30,280,1,0
2024-01-04,167,72,0,15,270,0,0
2024-01-05,183,56,0,12,320,0,0
2024-01-06,189,50,0,20,260,0,0
2024-01-07,156,83,8,55,290,1,0
2024-01-08,156,33,0,17,280,0,0
2024-01-09,172,33,0,9,280,0,0
2024-01-10,167,61,0,26,280,0,0
2024-01-11,178,78,33,44,280,1,0
2024-01-12,167,44,0,12,290,0,0
2024-01-13,167,50,0,9,270,0,0
2024-01-14,167,72,0,10,220,0,0
2024-01-15,167,61,0,12,290,1,0
2024-01-16,183,94,0,16,280,1,0
2024-01-17,161,128,0,15,270,1,0
2024-01-18,189,89,0,14,300,0,0
2024-01-19,222,100,0,11,300,1,0
2024-01-20,167,133,84,26,150,1,0
2024-01-21,167,133,66,30,140,1,0
2024-01-22,167,144,693,45,200,1,0
2024-01-23,172,133,13,26,270,1,0
2024-01-24,161,122,0,16,280,1,0
2024-01-25,167,122,0,21,290,1,0
2024-01-26,189,89,0,15,300,0,0
2024-01-27,222,78,0,12,310,0,0
2024-01-28,256,83,0,12,320,0,0
2024-01-29,239,89,0,9,290,0,0
2024-01-30,228,89,0,11,280,1,0
2024-01-31,172,100,0,20,210,1,0
2024-02-01,161,128,208,52,130,1,0
2024-02-02,167,122,20,44,270,1,0
2024-02-03,167,94,0,19,260,0,0
2024-02-04,178,100,0,50,150,0,0
2024-02-05,178,122,264,38,150,1,0
2024-02-06,156,122,224,44,150,1,1
2024-02-07,161,100,130,43,280,1,1
2024-02-08,156,106,64,47,260,1,0
2024-02-09,156,100,43,25,260,1,0
2024-02-10,167,83,0,19,280,0,0
2024-02-11,183,56,0,18,280,0,0
2024-02-12,178,56,0,13,320,0,0
2024-02-13,172,67,0,14,280,0,0
2024-02-14,172,83,0,17,300,0,0
2024-02-15,178,94,0,26,300,0,0
2024-02-16,178,133,0,23,290,0,0
2024-02-17,167,111,0,12,290,0,0
2024-02-18,183,100,0,12,280,0,0
2024-02-19,189,128,5,32,190,1,0
2024-02-20,178,144,99,23,150,1,0
2024-02-21,183,122,107,20,270,1,0
2024-02-22,178,100,0,18,280,0,0
2024-02-23,233,106,0,16,320,0,0
2024-02-24,239,128,0,11,300,0,0
2024-02-25,183,117,0,15,290,0,0
2024-02-26,172,133,0,15,300,0,0
2024-02-27,194,133,0,22,280,0,0
2024-02-28,183,122,0,22,280,0,0
2024-02-29,189,150,0,24,260,0,0
2024-03-01,189,117,0,26,260,0,0
2024-03-02,178,139,43,40,290,1,0
2024-03-03,178,133,3,35,250,1,0
2024-03-04,178,122,10,26,270,1,0
2024-03-05,178,128,0,21,280,0,0
2024-03-06,183,111,114,32,160,1,0
2024-03-07,172,117,15,26,280,1,0
2024-03-08,189,111,0,23,300,0,0
2024-03-09,206,100,0,17,300,0,0
2024-03-10,189,106,0,20,300,1,0
2024-03-11,178,117,0,21,260,0,0
2024-03-12,183,128,8,20,270,1,0
2024-03-13,189,133,0,29,260,0,0
2024-03-14,200,117,8,20,260,0,1
2024-03-15,178,111,0,34,220,0,0
2024-03-16,200,111,0,22,260,0,0
2024-03-17,189,106,0,22,310,0,0
2024-03-18,244,106,0,18,60,0,0
2024-03-19,211,111,0,21,220,0,0
2024-03-20,189,122,0,16,280,0,0
2024-03-21,206,139,0,21,300,1,0
2024-03-22,194,133,0,20,290,1,0
2024-03-23,183,139,15,45,290,1,0
2024-03-24,178,122,15,72,280,1,0
2024-03-25,178,100,0,27,210,0,0
2024-03-26,183,122,0,27,220,0,0
2024-03-27,194,100,0,17,270,0,0
2024-03-28,183,128,0,32,290,0,0
2024-03-29,178,111,0,25,230,0,0
2024-03-30,156,111,330,51,250,1,0
2024-03-31,183,111,84,47,170,1,0
2024-04-01,183,117,0,22,300,0,0
2024-04-02,206,100,0,16,290,0,0
2024-04-03,211,111,0,20,270,0,0
2024-04-04,189,117,3,35,290,1,0
2024-04-05,156,111,28,53,290,0,0
2024-04-06,172,89,0,27,280,0,0
2024-04-07,183,83,0,20,280,0,0
2024-04-08,178,111,0,24,300,0,0
2024-04-09,228,94,0,17,320,0,0
2024-04-10,233,106,0,19,280,0,0
2024-04-11,189,133,0,26,270,1,0
2024-04-12,172,133,0,34,210,1,0
2024-04-13,194,122,10,38,190,1,0
2024-04-14,183,94,0,23,260,0,0
2024-04-15,194,128,0,28,300,0,0
2024-04-16,211,111,0,21,290,0,0
2024-04-17,206,111,0,16,280,1,0
2024-04-18,222,144,0,26,260,0,0
2024-04-19,194,156,0,24,280,0,0
2024-04-20,200,156,0,26,280,0,0
2024-04-21,200,156,0,22,280,0,0
2024-04-22,172,144,0,25,240,1,0
2024-04-23,189,150,0,35,280,0,0
2024-04-24,194,150,0,32,280,0,0
2024-04-25,194,144,0,34,280,1,0
2024-04-26,189,139,0,40,270,0,0
2024-04-27,200,139,0,24,250,0,0
2024-04-28,206,128,0,20,270,0,0
2024-04-29,206,139,0,22,260,0,0
2024-04-30,194,156,0,34,210,0,0
2024-05-01,206,161,0,30,210,0,0
2024-05-02,200,161,0,24,210,0,0
2024-05-03,206,161,0,28,220,1,0
2024-05-04,194,156,0,32,270,0,0
2024-05-05,183,133,10,40,280,1,0
2024-05-06,206,100,0,25,280,0,0
2024-05-07,200,122,0,28,160,0,0
2024-05-08,194,150,0,39,190,0,0
2024-05-09,206,156,0,27,210,0,0
2024-05-10,194,139,0,20,280,0,0
2024-05-11,194,156,0,27,280,0,0
2024-05-12,206,150,0,24,290,0,0
2024-05-13,194,144,0,23,280,0,0
2024-05-14,194,150,0,25,260,0,0
2024-05-15,172,156,0,29,270,0,0
2024-05-16,206,156,0,31,280,1,0
2024-05-17,194,150,0,20,280,1,0
2024-05-18,211,161,0,30,280,0,0
2024-05-19,200,150,0,30,260,0,0
2024-05-20,194,161,0,28,280,0,0
2024-05-21,200,150,0,26,280,0,0
2024-05-22,200,161,0,25,270,0,0
2024-05-23,194,156,0,32,240,0,0
2024-05-24,200,161,0,30,280,0,0
2024-05-25,183,139,8,30,260,1,0
2024-05-26,194,144,0,22,280,0,0
2024-05-27,200,150,0,24,280,0,0
2024-05-28,200,150,0,26,280,0,0
2024-05-29,189,150,0,26,210,0,0
2024-05-30,194,156,0,29,190,0,0
2024-05-31,206,156,0,30,270,0,0
2024-06-01,206,150,0,30,270,0,0
2024-06-02,189,161,0,30,220,0,0
2024-06-03,200,156,0,32,210,0,0
2024-06-04,200,167,0,31,220,0,0
2024-06-05,200,167,0,20,200,1,0
2024-06-06,200,167,0,21,280,1,0
2024-06-07,189,156,0,23,220,1,0
2024-06-08,200,161,0,30,230,0,0
2024-06-09,194,161,0,28,210,0,0
2024-06-10,211,167,0,26,270,0,0
2024-06-11,189,172,0,23,240,1,0
2024-06-12,222,167,0,26,280,1,0
2024-06-13,217,167,0,29,290,0,0
2024-06-14,222,167,0,28,280,0,0
2024-06-15,233,161,0,21,290,1,0
2024-06-16,206,167,0,42,170,0,0
2024-06-17,206,161,0,34,180,0,0
2024-06-18,206,167,0,36,200,0,0
2024-06-19,211,172,0,32,210,0,0
2024-06-20,222,172,0,26,290,0,0
2024-06-21,228,178,0,30,280,0,0
2024-06-22,233,178,0,26,290,1,0
2024-06-23,289,194,0,21,280,0,0
2024-06-24,272,206,0,26,280,0,0
2024-06-25,256,200,0,25,200,0,0
2024-06-26,239,194,0,26,260,0,0
2024-06-27,228,194,0,31,210,0,0
2024-06-28,217,172,0,28,230,0,0
2024-06-29,239,178,0,28,290,0,0
2024-06-30,244,183,0,29,280,0,0
2024-07-01,222,183,0,28,210,1,0
2024-07-02,233,183,0,25,270,0,0
2024-07-03,250,183,0,26,290,0,0
2024-07-04,250,194,0,30,290,0,0
2024-07-05,250,189,0,26,250,0,0
2024-07-06,244,183,0,33,200,1,0
2024-07-07,244,189,0,25,210,1,0
2024-07-08,250,194,0,23,270,0,0
2024-07-09,244,194,0,24,290,1,0
2024-07-10,239,194,0,20,270,1,0
2024-07-11,244,189,0,24,270,1,0
2024-07-12,250,189,0,24,280,1,0
2024-07-13,239,189,0,21,210,0,0
2024-07-14,250,200,0,26,280,0,0
2024-07-15,244,200,0,34,280,0,0
2024-07-16,244,200,0,24,280,0,0
2024-07-17,250,200,0,27,280,0,0
2024-07-18,250,194,0,24,280,0,0
2024-07-19,256,200,0,26,280,0,0
2024-07-20,256,194,0,31,280,1,0
2024-07-21,239,200,0,25,200,0,0
2024-07-22,256,200,0,20,210,0,0
2024-07-23,261,211,0,20,250,0,0
2024-07-24,267,217,0,31,290,0,0
2024-07-25,267,217,0,33,280,1,0
2024-07-26,267,206,0,30,280,0,0
2024-07-27,250,194,0,26,280,0,0
2024-07-28,250,189,0,29,280,0,0
2024-07-29,244,183,0,33,290,0,0
2024-07-30,244,189,0,25,280,0,0
2024-07-31,244,183,0,26,290,0,0
2024-08-01,244,194,0,27,280,0,0
2024-08-02,283,200,0,27,280,0,0
2024-08-03,261,206,0,30,280,1,0
2024-08-04,261,206,0,29,290,1,0
2024-08-05,261,206,0,25,290,1,0
2024-08-06,294,206,0,24,210,1,0
2024-08-07,244,200,0,28,200,1,0
2024-08-08,256,194,0,21,280,0,0
2024-08-09,250,211,0,23,280,0,0
2024-08-10,256,206,0,21,210,0,0
2024-08-11,261,211,0,19,200,0,0
2024-08-12,283,222,0,22,280,0,0
2024-08-13,272,217,0,23,260,0,0
2024-08-14,261,206,0,23,290,0,0
2024-08-15,267,200,0,19,270,0,0
2024-08-16,244,206,0,29,220,1,0
2024-08-17,244,200,0,27,200,0,0
2024-08-18,261,200,0,24,290,0,0
2024-08-19,272,206,0,32,300,0,0
2024-08-20,289,200,0,23,280,0,0
2024-08-21,283,211,0,27,220,0,0
2024-08-22,261,206,0,23,280,0,0
2024-08-23,250,206,0,24,270,0,0
2024-08-24,250,194,0,21,280,0,0
2024-08-25,261,172,0,22,290,0,0
2024-08-26,272,178,0,21,280,0,0
2024-08-27,244,200,0,19,270,0,0
2024-08-28,250,200,0,25,270,0,0
2024-08-29,250,200,0,27,280,0,0
2024-08-30,256,194,0,24,280,0,0
2024-08-31,244,189,0,24,260,0,0
2024-09-01,239,206,0,20,210,0,0
2024-09-02,256,200,0,19,220,1,0
2024-09-03,272,194,0,19,280,0,0
2024-09-04,278,206,0,27,290,1,0
2024-09-05,317,211,0,21,300,0,0
2024-09-06,300,217,0,17,170,1,0
2024-09-07,322,222,0,17,310,1,0
2024-09-08,344,239,0,25,300,0,0
2024-09-09,339,228,0,22,310,0,0
2024-09-10,283,217,0,32,290,0,0
2024-09-11,233,194,0,26,220,0,0
2024-09-12,239,194,0,33,210,0,0
2024-09-13,239,200,0,32,210,0,0
2024-09-14,244,206,0,26,270,0,0
2024-09-15,222,200,0,31,270,0,0
2024-09-16,233,189,0,39,270,0,0
2024-09-17,228,161,0,22,270,0,0
2024-09-18,228,167,0,26,270,0,0
2024-09-19,233,189,0,28,270,0,0
2024-09-20,233,178,5,26,280,0,0
2024-09-21,233,161,0,20,280,0,0
2024-09-22,239,194,0,33,300,0,0
2024-09-23,233,194,0,27,300,1,0
2024-09-24,233,194,0,30,290,0,0
2024-09-25,222,189,0,34,290,0,0
2024-09-26,228,183,0,30,280,0,0
2024-09-27,222,178,0,27,290,1,0
2024-09-28,217,172,0,28,300,1,0
2024-09-29,222,167,0,31,300,1,0
2024-09-30,228,161,0,21,270,1,0
2024-10-01,228,178,0,25,290,1,0
2024-10-02,228,167,0,24,300,1,0
2024-10-03,222,172,0,27,190,1,0
2024-10-04,222,189,0,19,210,1,0
2024-10-05,228,183,0,23,270,1,0
2024-10-06,222,178,0,22,280,1,0
2024-10-07,233,167,0,26,280,1,0
2024-10-08,217,156,0,25,290,1,0
2024-10-09,222,172,0,20,280,1,0
2024-10-10,233,172,0,22,300,1,0
2024-10-11,228,156,0,22,300,1,0
2024-10-12,239,156,0,28,290,1,0
2024-10-13,222,161,0,19,250,0,0
2024-10-14,222,172,0,22,210,0,0
2024-10-15,211,189,0,20,250,0,0
2024-10-16,200,183,0,19,240,0,0
2024-10-17,239,183,0,28,260,0,0
2024-10-18,222,150,0,22,300,0,0
2024-10-19,256,128,0,13,320,0,0
2024-10-20,267,128,0,18,320,0,0
2024-10-21,256,133,0,13,290,0,0
2024-10-22,244,133,0,16,280,0,0
2024-10-23,261,139,0,12,300,1,0
2024-10-24,239,122,0,12,210,1,0
2024-10-25,222,156,0,11,260,1,0
2024-10-26,233,128,0,19,280,1,0
2024-10-27,250,144,0,15,210,1,0
2024-10-28,217,172,0,32,280,0,0
2024-10-29,200,144,0,33,270,0,0
2024-10-30,222,117,0,16,300,0,0
2024-10-31,217,106,0,14,280,0,0
2024-11-01,211,106,0,16,300,0,0
2024-11-02,206,133,20,25,280,1,0
2024-11-03,206,128,5,19,270,0,0
2024-11-04,244,106,0,15,320,0,0
2024-11-05,244,100,0,12,280,0,0
2024-11-06,261,106,0,20,80,0,0
2024-11-07,239,78,0,13,280,0,0
2024-11-08,233,83,0,15,300,0,0
2024-11-09,239,78,0,12,300,0,0
2024-11-10,244,89,0,11,250,0,0
2024-11-11,217,83,0,14,280,0,0
2024-11-12,206,122,0,18,270,0,0
2024-11-13,256,89,0,15,310,0,0
2024-11-14,228,78,0,17,270,0,0
2024-11-15,189,144,0,51,280,0,0
2024-11-16,178,100,0,18,310,0,0
2024-11-17,194,61,0,15,280,0,0
2024-11-18,189,106,0,32,140,0,0
2024-11-19,194,100,0,18,310,0,0
2024-11-20,228,72,0,13,280,0,0
2024-11-21,211,78,0,15,300,0,0
2024-11-22,206,67,0,14,310,0,0
2024-11-23,189,94,8,21,300,1,0
2024-11-24,189,128,0,19,300,1,0
2024-11-25,228,106,0,17,310,0,0
2024-11-26,206,106,0,16,300,0,0
2024-11-27,206,144,0,16,280,1,0
2024-11-28,200,128,0,16,320,1,0
2024-11-29,222,111,0,9,340,0,0
2024-11-30,250,89,0,9,270,0,0
2024-12-01,222,117,0,11,310,0,0
2024-12-02,211,89,0,13,290,0,0
2024-12-03,194,89,0,14,260,1,0
2024-12-04,178,117,0,14,300,1,0
2024-12-05,172,122,0,22,300,1,0
2024-12-06,189,94,0,13,300,1,0
2024-12-07,261,78,0,8,270,1,0
2024-12-08,167,78,0,14,200,1,0
2024-12-09,178,100,0,20,300,0,0
2024-12-10,228,56,0,13,310,1,0
2024-12-11,217,61,0,12,350,0,0
2024-12-12,178,72,3,16,190,1,0
2024-12-13,178,106,0,17,310,0,0
2024-12-14,206,100,0,14,310,0,0
2024-12-15,183,100,0,18,290,0,0
2024-12-16,200,78,0,10,290,1,0
2024-12-17,206,72,0,13,310,0,0
2024-12-18,211,83,0,13,150,1,0
2024-12-19,222,89,0,9,160,1,0
2024-12-20,183,78,0,13,290,1,0
2024-12-21,189,94,0,20,310,1,0
2024-12-22,194,83,0,11,290,1,0
2024-12-23,183,128,0,17,300,1,0
2024-12-24,161,122,0,20,270,1,0
2024-12-25,183,117,0,19,280,1,0
2024-12-26,189,89,0,12,200,1,0
2024-12-27,172,83,0,13,200,1,0
2024-12-28,172,100,0,12,320,1,0
2024-12-29,172,100,0,15,300,1,0
2024-12-30,172,111,0,14,280,1,0
2024-12-31,161,117,0,13,280,1,0
